tiempo_ms,adc,voltaje
0,1350,1.09
100,1362,1.10
200,1380,1.11
300,1410,1.13
400,1500,1.21
500,1600,1.29
3027,0,0.0
3127,0,0.0
3227,0,0.0
3327,0,0.0
3427,0,0.0
3527,0,0.0
3627,0,0.0
3727,0,0.0
3827,0,0.0
3927,0,0.0
4027,0,0.0
4127,0,0.0
4227,0,0.0
4327,0,0.0
4427,0,0.0
4527,0,0.0
4627,0,0.0
4727,0,0.0
4827,0,0.0
4927,0,0.0
5027,0,0.0
5127,0,0.0
5227,0,0.0
5327,0,0.0
5427,0,0.0
5527,0,0.0
5627,0,0.0
5727,0,0.0
5827,0,0.0
5927,0,0.0
6027,0,0.0
6127,0,0.0
6227,0,0.0
6327,0,0.0
6427,0,0.0
6527,0,0.0
6627,0,0.0
6727,0,0.0
6827,0,0.0
6927,0,0.0
7027,0,0.0
7127,0,0.0
7227,0,0.0
7327,0,0.0
7427,0,0.0
7527,0,0.0
7627,0,0.0
7727,0,0.0
7827,0,0.0
7927,0,0.0
8027,0,0.0
8127,0,0.0
8227,0,0.0
8327,0,0.0
8427,0,0.0
8527,0,0.0
8627,0,0.0
8727,0,0.0
8827,0,0.0
8927,0,0.0
9027,0,0.0
9127,0,0.0
9227,0,0.0
9327,0,0.0
9427,0,0.0
9527,0,0.0
9627,0,0.0
9727,0,0.0
9827,0,0.0
9927,0,0.0
10027,0,0.0
10127,0,0.0
10227,0,0.0
10327,0,0.0
10427,0,0.0
10527,0,0.0
10627,0,0.0
10727,0,0.0
10827,0,0.0
10927,0,0.0
11027,0,0.0
11127,0,0.0
11227,0,0.0
11327,0,0.0
11427,0,0.0
11527,0,0.0
11627,0,0.0
11727,0,0.0
11827,0,0.0
11927,0,0.0
12027,0,0.0
12127,0,0.0
12227,0,0.0
12327,0,0.0
12427,0,0.0
12527,0,0.0
12627,0,0.0
12727,0,0.0
12827,0,0.0
12927,0,0.0
13027,0,0.0
13127,0,0.0
13227,0,0.0
13327,0,0.0
13427,0,0.0
13527,0,0.0
13627,0,0.0
13727,0,0.0
13827,0,0.0
13927,0,0.0
14027,0,0.0
14127,0,0.0
14227,0,0.0
14327,0,0.0
14427,0,0.0
14527,0,0.0
14627,0,0.0
14727,0,0.0
14827,0,0.0
14927,0,0.0
15027,0,0.0
15127,0,0.0
15227,0,0.0
15327,0,0.0
15427,0,0.0
15527,0,0.0
15627,0,0.0
15727,0,0.0
15827,0,0.0
15927,0,0.0
16027,0,0.0
16127,0,0.0
16227,0,0.0
16327,0,0.0
16427,0,0.0
16527,0,0.0
16627,0,0.0
16727,0,0.0
16827,0,0.0
16927,0,0.0
17027,0,0.0
17127,0,0.0
17227,0,0.0
17327,0,0.0
17427,0,0.0
17527,0,0.0
17627,0,0.0
17727,0,0.0
17827,0,0.0
17927,0,0.0
18027,0,0.0
18127,0,0.0
18227,0,0.0
18327,0,0.0
18427,0,0.0
18527,0,0.0
18627,0,0.0
18727,0,0.0
18827,0,0.0
18927,0,0.0
19027,0,0.0
19127,0,0.0
19227,0,0.0
19327,0,0.0
19427,0,0.0
19527,0,0.0
19627,0,0.0
19727,0,0.0
19827,0,0.0
19927,0,0.0
20027,0,0.0
20127,0,0.0
20227,0,0.0
20327,0,0.0
20427,0,0.0
20527,0,0.0
20627,0,0.0
20727,0,0.0
20827,0,0.0
20927,0,0.0
21027,0,0.0
21127,0,0.0
21227,0,0.0
21327,0,0.0
21427,0,0.0
21527,0,0.0
21627,0,0.0
21727,0,0.0
21827,0,0.0
21927,0,0.0
22027,0,0.0
22127,0,0.0
22227,0,0.0
22327,0,0.0
22427,0,0.0
22527,0,0.0
22627,0,0.0
22727,0,0.0
22827,0,0.0
22927,0,0.0
23027,0,0.0
23127,0,0.0
23227,0,0.0
23327,0,0.0
23427,0,0.0
23527,0,0.0
23627,0,0.0
23727,0,0.0
23827,0,0.0
23927,0,0.0
24027,0,0.0
24127,0,0.0
24227,0,0.0
24327,0,0.0
24427,0,0.0
24527,0,0.0
24627,0,0.0
24727,0,0.0
24827,0,0.0
24927,0,0.0
25027,0,0.0
25127,0,0.0
25227,0,0.0
25327,0,0.0
25427,0,0.0
25527,0,0.0
25627,0,0.0
25727,0,0.0
25827,0,0.0
25927,0,0.0
26027,0,0.0
26127,0,0.0
26227,0,0.0
26327,0,0.0
26427,0,0.0
26527,0,0.0
26627,0,0.0
26727,0,0.0
26827,0,0.0
26927,0,0.0
27027,0,0.0
27127,0,0.0
27227,0,0.0
27327,0,0.0
27427,0,0.0
27527,0,0.0
27627,0,0.0
27727,0,0.0
27827,0,0.0
27927,0,0.0
28027,0,0.0
28127,0,0.0
28227,0,0.0
28327,0,0.0
28427,0,0.0
28527,0,0.0
28627,0,0.0
28727,0,0.0
28827,0,0.0
28927,0,0.0
29027,0,0.0
29127,0,0.0
29227,0,0.0
29327,0,0.0
29427,0,0.0
29527,0,0.0
29627,0,0.0
29727,0,0.0
29827,0,0.0
29927,0,0.0
30027,0,0.0
30127,0,0.0
30227,0,0.0
30327,0,0.0
30427,0,0.0
30527,0,0.0
30627,0,0.0
30727,0,0.0
30827,0,0.0
30927,0,0.0
31027,0,0.0
31127,0,0.0
31227,0,0.0
31327,0,0.0
31427,0,0.0
31527,0,0.0
31627,0,0.0
31727,0,0.0
31827,0,0.0
31927,0,0.0
32027,0,0.0
32127,0,0.0
32227,0,0.0
32327,0,0.0
32427,0,0.0
32527,0,0.0
32627,0,0.0
32727,0,0.0
32827,0,0.0
32927,0,0.0
33027,0,0.0
33127,0,0.0
33227,0,0.0
33327,0,0.0
33427,0,0.0
33527,0,0.0
33627,0,0.0
33727,0,0.0
33827,0,0.0
33927,0,0.0
34027,0,0.0
34127,0,0.0
34227,0,0.0
34327,0,0.0
34427,0,0.0
34527,0,0.0
34627,0,0.0
34727,0,0.0
34827,0,0.0
34927,0,0.0
35027,0,0.0
35127,0,0.0
35227,0,0.0
35327,0,0.0
35427,0,0.0
35527,0,0.0
35627,0,0.0
35727,0,0.0
35827,0,0.0
35927,0,0.0
36027,0,0.0
36127,0,0.0
36227,0,0.0
36327,0,0.0
36427,0,0.0
36527,0,0.0
36627,0,0.0
36727,0,0.0
36827,0,0.0
36927,0,0.0
37027,0,0.0
37127,0,0.0
37227,0,0.0
37327,0,0.0
37427,0,0.0
37527,0,0.0
37627,0,0.0
37727,0,0.0
37827,0,0.0
37927,0,0.0
38027,0,0.0
38127,0,0.0
38227,0,0.0
38327,0,0.0
38427,0,0.0
38527,0,0.0
38627,0,0.0
38727,0,0.0
38827,0,0.0
38927,0,0.0
39027,0,0.0
39127,0,0.0
39227,0,0.0
39327,0,0.0
39427,0,0.0
39527,0,0.0
39627,0,0.0
39727,0,0.0
39827,0,0.0
39927,0,0.0
40027,0,0.0
40127,0,0.0
40227,0,0.0
40327,0,0.0
40427,0,0.0
40527,0,0.0
40627,0,0.0
40727,0,0.0
40827,0,0.0
40927,0,0.0
41027,0,0.0
41127,0,0.0
41227,0,0.0
41327,0,0.0
41427,0,0.0
41527,0,0.0
41627,0,0.0
41727,0,0.0
41827,0,0.0
41927,0,0.0
42027,0,0.0
42127,0,0.0
42227,0,0.0
42327,0,0.0
2927,0,0.0
3027,0,0.0
3127,0,0.0
3227,0,0.0
3327,0,0.0
3427,0,0.0
3527,0,0.0
3627,0,0.0
3727,0,0.0
3827,0,0.0
3927,0,0.0
4027,0,0.0
4127,0,0.0
4227,0,0.0
4327,0,0.0
4427,0,0.0
4527,0,0.0
4627,0,0.0
4727,0,0.0
4827,0,0.0
4927,0,0.0
5027,0,0.0
5127,0,0.0
5227,0,0.0
5327,0,0.0
5427,0,0.0
5527,0,0.0
5627,0,0.0
5727,0,0.0
5827,0,0.0
5927,0,0.0
6027,0,0.0
6127,0,0.0
6227,0,0.0
6327,0,0.0
6427,0,0.0
6527,0,0.0
6627,0,0.0
6727,0,0.0
6827,0,0.0
6927,0,0.0
7027,0,0.0
7127,0,0.0
7227,0,0.0
7327,0,0.0
7427,0,0.0
7527,0,0.0
7627,0,0.0
7727,0,0.0
7827,0,0.0
7927,0,0.0
8027,0,0.0
8127,0,0.0
8227,0,0.0
8327,0,0.0
8427,0,0.0
8527,0,0.0
8627,0,0.0
8727,0,0.0
8827,0,0.0
8927,0,0.0
9027,0,0.0
9127,0,0.0
9227,0,0.0
9327,0,0.0
9427,0,0.0
9527,0,0.0
9627,0,0.0
9727,0,0.0
9827,0,0.0
9927,0,0.0
10027,0,0.0
10127,0,0.0
10227,0,0.0
10327,0,0.0
10427,0,0.0
10527,0,0.0
10627,0,0.0
10727,0,0.0
10827,0,0.0
10927,0,0.0
11027,0,0.0
11127,0,0.0
11227,0,0.0
11327,0,0.0
11427,0,0.0
11527,0,0.0
11627,0,0.0
11727,0,0.0
11827,0,0.0
11927,0,0.0
12027,0,0.0
12127,0,0.0
12227,0,0.0
12327,0,0.0
12427,0,0.0
12527,0,0.0
12627,0,0.0
12727,0,0.0
12827,0,0.0
12927,0,0.0
13027,0,0.0
13127,0,0.0
13227,0,0.0
13327,0,0.0
13427,0,0.0
13527,0,0.0
13627,0,0.0
13727,0,0.0
13827,0,0.0
13927,0,0.0
14027,0,0.0
14127,0,0.0
14227,0,0.0
14327,0,0.0
14427,0,0.0
14527,0,0.0
14627,0,0.0
14727,0,0.0
14827,0,0.0
14927,0,0.0
15027,0,0.0
15127,0,0.0
15227,0,0.0
15327,0,0.0
15427,0,0.0
15527,0,0.0
15627,0,0.0
15727,0,0.0
15827,0,0.0
15927,0,0.0
16027,0,0.0
16127,0,0.0
16227,0,0.0
16327,0,0.0
16427,0,0.0
16527,0,0.0
16627,0,0.0
16727,131,0.11
16827,259,0.21
16927,398,0.32
17027,533,0.43
17127,678,0.55
17227,816,0.66
17327,944,0.76
17427,1103,0.89
17527,1249,1.01
17627,1385,1.12
17727,1522,1.23
17827,1692,1.36
17927,1856,1.5
18027,2019,1.63
18127,2170,1.75
18227,2320,1.87
18327,2477,2.0
18427,2668,2.15
18527,2883,2.32
18627,3164,2.55
18727,3422,2.76
18827,3669,2.96
18927,3931,3.17
19027,4095,3.3
19127,4095,3.3
19227,4095,3.3
19327,4095,3.3
19427,4095,3.3
19527,4095,3.3
19627,4095,3.3
19727,4086,3.29
19827,3693,2.98
19927,3375,2.72
20027,3056,2.46
20127,2740,2.21
20227,2404,1.94
20327,2036,1.64
20427,1761,1.42
20527,1494,1.2
20627,1257,1.01
20727,1006,0.81
20827,775,0.62
20927,575,0.46
21027,469,0.38
21127,511,0.41
21227,689,0.56
21327,912,0.73
21427,1207,0.97
21527,1463,1.18
21627,1586,1.28
21727,1594,1.28
21827,1596,1.29
21927,1595,1.29
22027,1607,1.3
22127,1590,1.28
22227,1587,1.28
22327,1591,1.28
22427,1602,1.29
22527,1597,1.29
22627,1603,1.29
22727,1597,1.29
22827,1592,1.28
22927,1610,1.3
23027,1603,1.29
23127,1595,1.29
23227,1594,1.28
23327,1597,1.29
23427,1597,1.29
23527,1602,1.29
23627,1603,1.29
23727,1600,1.29
23827,1602,1.29
23927,1594,1.28
24027,1586,1.28
24127,1591,1.28
24227,1594,1.28
24327,1598,1.29
24427,1599,1.29
24527,1593,1.28
24627,1600,1.29
24727,1591,1.28
24827,1585,1.28
24927,1603,1.29
25027,1599,1.29
25127,1587,1.28
25227,1606,1.29
25327,1600,1.29
25427,1598,1.29
25527,1593,1.28
25627,1590,1.28
25727,1593,1.28
25827,1600,1.29
25927,1601,1.29
26027,1587,1.28
26127,1593,1.28
26227,1597,1.29
26327,1601,1.29
26427,1591,1.28
26527,1599,1.29
26627,1600,1.29
26727,1598,1.29
26827,1594,1.28
26927,1595,1.29
27027,1597,1.29
27127,1590,1.28
27227,1600,1.29
27327,1593,1.28
27427,1606,1.29
27527,1597,1.29
27627,1601,1.29
27727,1603,1.29
27827,1600,1.29
27927,1603,1.29
28027,1598,1.29
28127,1600,1.29
28227,1600,1.29
28327,1605,1.29
28427,1605,1.29
28527,1600,1.29
28627,1603,1.29
28727,1589,1.28
28827,1602,1.29
28927,1594,1.28
29027,1597,1.29
29127,1591,1.28
29227,1585,1.28
29327,1600,1.29
29427,1600,1.29
29527,1599,1.29
29627,1604,1.29
29727,1600,1.29
29827,1586,1.28
29927,1590,1.28
30027,1603,1.29
30127,1599,1.29
30227,1591,1.28
30327,1598,1.29
30427,1600,1.29
30527,1602,1.29
30627,1591,1.28
30727,1601,1.29
30827,1599,1.29
30927,1588,1.28
31027,1591,1.28
31127,1605,1.29
31227,1600,1.29
31327,1597,1.29
31427,1590,1.28
31527,1597,1.29
31627,1613,1.3
31727,1599,1.29
31827,1607,1.3
31927,1603,1.29
32027,1597,1.29
32127,1601,1.29
32227,1579,1.27
32327,1596,1.29
32427,1596,1.29
32527,1590,1.28
32627,1606,1.29
32727,1599,1.29
32827,1604,1.29
32927,1603,1.29
33027,1595,1.29
33127,1600,1.29
33227,1593,1.28
33327,1605,1.29
33427,1605,1.29
33527,1601,1.29
33627,1593,1.28
33727,1595,1.29
33827,1595,1.29
33927,1594,1.28
34027,1590,1.28
34127,1597,1.29
34227,1601,1.29
34327,1597,1.29
34427,1601,1.29
34527,1586,1.28
34627,1590,1.28
34727,1601,1.29
34827,1600,1.29
34927,1602,1.29
35027,1596,1.29
35127,1607,1.3
35227,1584,1.28
35327,1595,1.29
35427,1598,1.29
35527,1603,1.29
35627,1600,1.29
35727,1605,1.29
35827,1605,1.29
35927,1600,1.29
36027,1595,1.29
36127,1599,1.29
36227,1600,1.29
36327,1603,1.29
36427,1599,1.29
36527,1599,1.29
36627,1602,1.29
36727,1598,1.29
36827,1611,1.3
36927,1601,1.29
37027,1595,1.29
37127,1600,1.29
37227,1601,1.29
37327,1599,1.29
37427,1597,1.29
37527,1600,1.29
37627,1594,1.28
37727,1598,1.29
37827,1598,1.29
37927,1590,1.28
38027,1607,1.3
38127,1589,1.28
38227,1589,1.28
38327,1603,1.29
38427,1601,1.29
38527,1605,1.29
38627,1594,1.28
38727,1600,1.29
38827,1600,1.29
38927,1602,1.29
39027,1591,1.28
39127,1595,1.29
39227,1597,1.29
39327,1591,1.28
39427,1602,1.29
39527,1596,1.29
39627,1603,1.29
39727,1590,1.28
39827,1597,1.29
39927,1614,1.3
40027,1600,1.29
40127,1605,1.29
40227,1602,1.29
40327,1595,1.29
40427,1593,1.28
40527,1599,1.29
40627,1605,1.29
40727,1601,1.29
40827,1610,1.3
40927,1601,1.29
41027,1603,1.29
41127,1596,1.29
41227,1605,1.29
41327,1601,1.29
41427,1597,1.29
41527,1584,1.28
41627,1598,1.29
41727,1600,1.29
41827,1601,1.29
41927,1595,1.29
42027,1602,1.29
42127,1603,1.29
42227,1600,1.29
42327,1599,1.29
42427,1596,1.29
42527,1599,1.29
42627,1603,1.29
42727,1604,1.29
42827,1600,1.29
42927,1606,1.29
43027,1603,1.29
43127,1597,1.29
43227,1598,1.29
43327,1606,1.29
43427,1597,1.29
43527,1600,1.29
43627,1605,1.29
43727,1609,1.3
43827,1602,1.29
43927,1600,1.29
44027,1602,1.29
44127,1597,1.29
44227,1610,1.3
44327,1591,1.28
44427,1597,1.29
44527,1594,1.28
44627,1600,1.29
44727,1603,1.29
44827,1610,1.3
44927,1594,1.28
45027,1614,1.3
45127,1606,1.29
45227,1599,1.29
45327,1603,1.29
45427,1599,1.29
45527,1604,1.29
45627,1606,1.29
45727,1607,1.3
45827,1601,1.29
45927,1602,1.29
46027,1602,1.29
46127,1606,1.29
46227,1613,1.3
46327,1601,1.29
46427,1603,1.29
46527,1600,1.29
46627,1611,1.3
46727,1603,1.29
46827,1599,1.29
46927,1595,1.29
47027,1591,1.28
47127,1602,1.29
527,1616,1.3
627,1616,1.3
727,1601,1.29
827,1613,1.3
927,1614,1.3
1027,1605,1.29
1127,1600,1.29
1227,1616,1.3
1327,1602,1.29
1427,1613,1.3
1527,1618,1.3
1627,1607,1.3
1727,1616,1.3
1827,1617,1.3
1927,1611,1.3
2027,1607,1.3
2127,1615,1.3
2227,1613,1.3
2327,1597,1.29
2427,1604,1.29
2527,1613,1.3
2627,1614,1.3
2727,1622,1.31
2827,1616,1.3
2927,1604,1.29
3027,1616,1.3
3127,1611,1.3
3227,1614,1.3
3327,1616,1.3
3427,1606,1.29
3527,1609,1.3
3627,1615,1.3
3727,1613,1.3
3827,1616,1.3
3927,1613,1.3
4027,1611,1.3
4127,1610,1.3
4227,1614,1.3
4327,1607,1.3
4427,1614,1.3
4527,1600,1.29
4627,1601,1.29
4727,1616,1.3
4827,1605,1.29
4927,1605,1.29
5027,1604,1.29
5127,1609,1.3
5227,1613,1.3
5327,1621,1.31
5427,1603,1.29
5527,1607,1.3
5627,1613,1.3
5727,1612,1.3
5827,1606,1.29
5927,1617,1.3
6027,1616,1.3
6127,1616,1.3
6227,1602,1.29
6327,1607,1.3
6427,1616,1.3
6527,1614,1.3
6627,1617,1.3
6727,1618,1.3
6827,1608,1.3
6927,1609,1.3
7027,1612,1.3
7127,1605,1.29
7227,1613,1.3
7327,1617,1.3
7427,1618,1.3
7527,1616,1.3
7627,1609,1.3
7727,1607,1.3
7827,1613,1.3
7927,1600,1.29
8027,1617,1.3
8127,1621,1.31
8227,1614,1.3
8327,1612,1.3
8427,1621,1.31
8527,1631,1.31
8627,1613,1.3
8727,1610,1.3
8827,1611,1.3
8927,1617,1.3
9027,1616,1.3
9127,1606,1.29
9227,1614,1.3
9327,1618,1.3
9427,1604,1.29
9527,1615,1.3
9627,1616,1.3
9727,1611,1.3
9827,1614,1.3
9927,1610,1.3
10027,1618,1.3
10127,1609,1.3
10227,1617,1.3
10327,1611,1.3
10427,1611,1.3
10527,1610,1.3
10627,1604,1.29
10727,1615,1.3
10827,1605,1.29
10927,1621,1.31
11027,1609,1.3
11127,1617,1.3
11227,1615,1.3
11327,1615,1.3
11427,1616,1.3
11527,1616,1.3
11627,1612,1.3
11727,1606,1.29
11827,1616,1.3
11927,1613,1.3
12027,1616,1.3
12127,1616,1.3
12227,1611,1.3
12327,1612,1.3
12427,1614,1.3
12527,1615,1.3
12627,1615,1.3
12727,1618,1.3
12827,1616,1.3
12927,1609,1.3
13027,1610,1.3
13127,1616,1.3
13227,1611,1.3
13327,1607,1.3
13427,1613,1.3
13527,1607,1.3
13627,1616,1.3
13727,1618,1.3
13827,1615,1.3
13927,1615,1.3
14027,1616,1.3
14127,1616,1.3
14227,1617,1.3
14327,1606,1.29
14427,1613,1.3
14527,1600,1.29
14627,1615,1.3
14727,1616,1.3
14827,1622,1.31
14927,1615,1.3
15027,1610,1.3
15127,1619,1.3
15227,1617,1.3
15327,1607,1.3
15427,1611,1.3
15527,1600,1.29
15627,1615,1.3
15727,1615,1.3
15827,1610,1.3
15927,1606,1.29
16027,1619,1.3
16127,1616,1.3
16227,1616,1.3
16327,1611,1.3
16427,1617,1.3
16527,1612,1.3
16627,1616,1.3
16727,1611,1.3
16827,1610,1.3
16927,1616,1.3
17027,1606,1.29
17127,1603,1.29
17227,1629,1.31
17327,1616,1.3
17427,1613,1.3
17527,1609,1.3
17627,1611,1.3
17727,1615,1.3
17827,1597,1.29
17927,1603,1.29
18027,1614,1.3
18127,1605,1.29
18227,1615,1.3
18327,1609,1.3
18427,1629,1.31
18527,1616,1.3
18627,1622,1.31
18727,1616,1.3
18827,1616,1.3
18927,1614,1.3
19027,1612,1.3
19127,1614,1.3
19227,1617,1.3
19327,1623,1.31
19427,1629,1.31
19527,1615,1.3
19627,1621,1.31
19727,1607,1.3
19827,1613,1.3
19927,1621,1.31
20027,1612,1.3
20127,1605,1.29
20227,1616,1.3
20327,1616,1.3
20427,1614,1.3
20527,1616,1.3
20627,1613,1.3
20727,1609,1.3
20827,1603,1.29
20927,1604,1.29
21027,1609,1.3
21127,1608,1.3
21227,1616,1.3
21327,1604,1.29
21427,1572,1.27
21527,1458,1.17
21627,1299,1.05
21727,1088,0.88
21827,894,0.72
21927,711,0.57
22027,555,0.45
22127,422,0.34
22227,292,0.24
22327,162,0.13
22427,35,0.03
22527,0,0.0
22627,0,0.0
22727,0,0.0
22827,0,0.0
22927,0,0.0
23027,0,0.0
23127,0,0.0
23227,0,0.0
23327,0,0.0
23427,0,0.0
23527,0,0.0
23627,0,0.0
23727,0,0.0
23827,0,0.0
23927,0,0.0
24027,0,0.0
24127,0,0.0
24227,0,0.0
24327,0,0.0
24427,0,0.0
24527,0,0.0
24627,0,0.0
24727,0,0.0
24827,0,0.0
24927,0,0.0
25027,0,0.0
25127,0,0.0
25227,0,0.0
25327,0,0.0
25427,0,0.0
25527,0,0.0
25627,0,0.0
25727,0,0.0
25827,0,0.0
25927,0,0.0
26027,0,0.0
26127,0,0.0
26227,0,0.0
26327,0,0.0
26427,0,0.0
26527,0,0.0
26627,0,0.0
26727,0,0.0
26827,0,0.0
26927,0,0.0
27027,0,0.0
27127,0,0.0
27227,0,0.0
27327,0,0.0
27427,0,0.0
27527,0,0.0
27627,0,0.0
27727,0,0.0
27827,0,0.0
27927,0,0.0
28027,0,0.0
28127,0,0.0
28227,0,0.0
28327,0,0.0
28427,0,0.0
28527,0,0.0
28627,0,0.0
28727,0,0.0
28827,0,0.0
28927,0,0.0
29027,0,0.0
29127,0,0.0
29227,0,0.0
29327,0,0.0
29427,0,0.0
29527,0,0.0
29627,0,0.0
29727,0,0.0
29827,0,0.0
29927,0,0.0
30027,198,0.16
30127,407,0.33
30227,675,0.54
30327,942,0.76
30427,1222,0.98
30527,1535,1.24
30627,1838,1.48
30727,2071,1.67
30827,2238,1.8
30927,2401,1.93
31027,2627,2.12
31127,2831,2.28
31227,3024,2.44
31327,3199,2.58
31427,3305,2.66
31527,3382,2.73
31627,3371,2.72
31727,3396,2.74
31827,3390,2.73
31927,3376,2.72
32027,3375,2.72
32127,3388,2.73
32227,3381,2.72
32327,3376,2.72
32427,3401,2.74
32527,3396,2.74
32627,3387,2.73
32727,3393,2.73
32827,3394,2.74
32927,3398,2.74
33027,3387,2.73
33127,3391,2.73
33227,3369,2.71
33327,3376,2.72
33427,3379,2.72
33527,3391,2.73
33627,3404,2.74
33727,3379,2.72
33827,3376,2.72
33927,3388,2.73
34027,3371,2.72
34127,3393,2.73
34227,3402,2.74
34327,3362,2.71
34427,3383,2.73
34527,3389,2.73
34627,3392,2.73
34727,3392,2.73
34827,3389,2.73
34927,3390,2.73
35027,3379,2.72
35127,3402,2.74
35227,3390,2.73
35327,3397,2.74
35427,3385,2.73
35527,3386,2.73
35627,3389,2.73
35727,3392,2.73
35827,3383,2.73
35927,3383,2.73
36027,3385,2.73
36127,3384,2.73
36227,3387,2.73
36327,3397,2.74
36427,3378,2.72
36527,3386,2.73
36627,3394,2.74
36727,3395,2.74
36827,3390,2.73
36927,3399,2.74
37027,3396,2.74
37127,3376,2.72
37227,3389,2.73
37327,3371,2.72
37427,3379,2.72
37527,3391,2.73
37627,3382,2.73
37727,3391,2.73
37827,3381,2.72
37927,3376,2.72
38027,3399,2.74
38127,3391,2.73
38227,3393,2.73
38327,3382,2.73
38427,3389,2.73
38527,3392,2.73
38627,3393,2.73
38727,3385,2.73
38827,3389,2.73
38927,3387,2.73
39027,3386,2.73
39127,3408,2.75
39227,3382,2.73
39327,3376,2.72
39427,3388,2.73
39527,3391,2.73
39627,3393,2.73
39727,3390,2.73
39827,3394,2.74
39927,3388,2.73
40027,3389,2.73
40127,3373,2.72
40227,3391,2.73
40327,3398,2.74
40427,3386,2.73
40527,3363,2.71
40627,3390,2.73
40727,3393,2.73
40827,3393,2.73
40927,3389,2.73
41027,3379,2.72
41127,3387,2.73
41227,3394,2.74
41327,3398,2.74
41427,3389,2.73
41527,3392,2.73
41627,3378,2.72
41727,3391,2.73
41827,3376,2.72
41927,3388,2.73
42027,3405,2.74
42127,3386,2.73
42227,3387,2.73
42327,3390,2.73
42427,3394,2.74
42527,3381,2.72
42627,3385,2.73
42727,3393,2.73
42827,3403,2.74
42927,3382,2.73
43027,3398,2.74
43127,3392,2.73
43227,3405,2.74
43327,3399,2.74
43427,3390,2.73
43527,3394,2.74
43627,3387,2.73
43727,3391,2.73
43827,3373,2.72
43927,3405,2.74
44027,3390,2.73
44127,3387,2.73
44227,3386,2.73
44327,3376,2.72
44427,3375,2.72
44527,3398,2.74
44627,3376,2.72
44727,3391,2.73
44827,3377,2.72
44927,3370,2.72
45027,3392,2.73
45127,3408,2.75
45227,3385,2.73
45327,3388,2.73
45427,3395,2.74
45527,3401,2.74
45627,3383,2.73
45727,3377,2.72
45827,3381,2.72
45927,3383,2.73
46027,3382,2.73
46127,3390,2.73
46227,3379,2.72
46327,3379,2.72
46427,3376,2.72
2227,3391,2.73
2327,3376,2.72
2427,3371,2.72
2527,3380,2.72
2627,3376,2.72
2727,3358,2.71
2827,3391,2.73
2927,3374,2.72
3027,3385,2.73
3127,3376,2.72
3227,3379,2.72
3327,3376,2.72
3427,3375,2.72
3527,3371,2.72
3627,3367,2.71
3727,3365,2.71
3827,3387,2.73
3927,3371,2.72
4027,3376,2.72
4127,3376,2.72
4227,3376,2.72
4327,3376,2.72
4427,3376,2.72
4527,3385,2.73
4627,3395,2.74
4727,3387,2.73
4827,3379,2.72
4927,3381,2.72
5027,3386,2.73
5127,3376,2.72
5227,3370,2.72
5327,3376,2.72
5427,3366,2.71
5527,3383,2.73
5627,3376,2.72
5727,3381,2.72
5827,3372,2.72
5927,3376,2.72
6027,3371,2.72
6127,3373,2.72
6227,3373,2.72
6327,3387,2.73
6427,3368,2.71
6527,3382,2.73
6627,3378,2.72
6727,3361,2.71
6827,3373,2.72
6927,3382,2.73
7027,3379,2.72
7127,3376,2.72
7227,3376,2.72
7327,3377,2.72
7427,3391,2.73
7527,3380,2.72
7627,3365,2.71
7727,3372,2.72
7827,3377,2.72
7927,3373,2.72
8027,3393,2.73
8127,3366,2.71
8227,3373,2.72
8327,3383,2.73
8427,3382,2.73
8527,3375,2.72
8627,3370,2.72
8727,3380,2.72
8827,3377,2.72
8927,3387,2.73
9027,3377,2.72
9127,3383,2.73
9227,3376,2.72
9327,3379,2.72
9427,3382,2.73
9527,3394,2.74
9627,3386,2.73
9727,3381,2.72
9827,3376,2.72
9927,3376,2.72
10027,3375,2.72
10127,3375,2.72
10227,3380,2.72
10327,3379,2.72
10427,3367,2.71
10527,3375,2.72
10627,3362,2.71
10727,3389,2.73
10827,3374,2.72
10927,3381,2.72
11027,3379,2.72
11127,3376,2.72
11227,3380,2.72
11327,3370,2.72
11427,3382,2.73
11527,3373,2.72
11627,3373,2.72
11727,3381,2.72
11827,3395,2.74
11927,3367,2.71
12027,3390,2.73
12127,3383,2.73
12227,3371,2.72
12327,3386,2.73
12427,3378,2.72
12527,3374,2.72
12627,3391,2.73
12727,3387,2.73
12827,3371,2.72
12927,3375,2.72
13027,3381,2.72
13127,3392,2.73
13227,3375,2.72
13327,3382,2.73
13427,3387,2.73
13527,3375,2.72
13627,3379,2.72
13727,3359,2.71
13827,3376,2.72
13927,3393,2.73
14027,3385,2.73
14127,3376,2.72
14227,3376,2.72
14327,3388,2.73
14427,3369,2.71
14527,3374,2.72
14627,3376,2.72
14727,3367,2.71
14827,3376,2.72
14927,3376,2.72
15027,3375,2.72
15127,3384,2.73
15227,3376,2.72
15327,3387,2.73
15427,3377,2.72
15527,3389,2.73
15627,3379,2.72
15727,3376,2.72
15827,3376,2.72
15927,3376,2.72
16027,3376,2.72
16127,3370,2.72
16227,3376,2.72
16327,3367,2.71
16427,3387,2.73
16527,3389,2.73
16627,3383,2.73
16727,3373,2.72
16827,3395,2.74
16927,3391,2.73
17027,3397,2.74
17127,3373,2.72
17227,3381,2.72
17327,3379,2.72
17427,3379,2.72
17527,3376,2.72
17627,3376,2.72
17727,3387,2.73
17827,3377,2.72
17927,3389,2.73
18027,3370,2.72
18127,3376,2.72
18227,3376,2.72
18327,3377,2.72
18427,3403,2.74
18527,3381,2.72
18627,3383,2.73
18727,3383,2.73
18827,3387,2.73
18927,3378,2.72
19027,3371,2.72
19127,3376,2.72
19227,3361,2.71
19327,3376,2.72
19427,3376,2.72
19527,3376,2.72
19627,3389,2.73
19727,3393,2.73
19827,3380,2.72
19927,3376,2.72
20027,3378,2.72
20127,3376,2.72
20227,3376,2.72
20327,3363,2.71
20427,3371,2.72
20527,3246,2.62
20627,3010,2.43
20727,2738,2.21
20827,2480,2.0
20927,2227,1.79
21027,2140,1.72
21127,2131,1.72
21227,2115,1.7
21327,2125,1.71
21427,2123,1.71
21527,2134,1.72
21627,2129,1.72
21727,2106,1.7
21827,2120,1.71
21927,2128,1.71
22027,2127,1.71
22127,2124,1.71
22227,2105,1.7
22327,2103,1.69
22427,2019,1.63
22527,1901,1.53
22627,1744,1.41
22727,1584,1.28
22827,1456,1.17
22927,1417,1.14
23027,1434,1.16
23127,1419,1.14
23227,1419,1.14
23327,1429,1.15
23427,1417,1.14
23527,1424,1.15
23627,1419,1.14
23727,1424,1.15
23827,1403,1.13
23927,1412,1.14
24027,1424,1.15
24127,1441,1.16
24227,1447,1.17
24327,1439,1.16
24427,1443,1.16
24527,1454,1.17
24627,1449,1.17
24727,1397,1.13
24827,1383,1.11
24927,1379,1.11
25027,1355,1.09
25127,1297,1.05
25227,1223,0.99
25327,1139,0.92
25427,1072,0.86
25527,1008,0.81
25627,967,0.78
25727,934,0.75
25827,895,0.72
25927,835,0.67
26027,811,0.65
26127,789,0.64
26227,762,0.61
26327,762,0.61
26427,767,0.62
26527,763,0.61
26627,751,0.61
26727,752,0.61
26827,752,0.61
26927,762,0.61
27027,752,0.61
27127,771,0.62
27227,755,0.61
27327,737,0.59
27427,673,0.54
27527,623,0.5
27627,511,0.41
27727,432,0.35
27827,333,0.27
27927,234,0.19
28027,201,0.16
28127,153,0.12
28227,161,0.13
28327,159,0.13
28427,174,0.14
28527,159,0.13
28627,158,0.13
28727,169,0.14
28827,164,0.13
28927,167,0.13
29027,192,0.15
29127,256,0.21
29227,315,0.25
29327,368,0.3
29427,423,0.34
29527,505,0.41
29627,626,0.5
29727,749,0.6
29827,871,0.7
29927,979,0.79
30027,1124,0.91
30127,1214,0.98
30227,1328,1.07
30327,1424,1.15
30427,1510,1.22
30527,1579,1.27
30627,1623,1.31
30727,1616,1.3
30827,1638,1.32
30927,1665,1.34
31027,1712,1.38
31127,1776,1.43
31227,1870,1.51
31327,1922,1.55
31427,1984,1.6
31527,2059,1.66
31627,2147,1.73
31727,2185,1.76
31827,2246,1.81
31927,2297,1.85
32027,2367,1.91
32127,2413,1.94
32227,2464,1.99
32327,2513,2.03
32427,2544,2.05
32527,2559,2.06
32627,2640,2.13
32727,2702,2.18
32827,2744,2.21
32927,2799,2.26
33027,2835,2.28
33127,2879,2.32
33227,2919,2.35
33327,2988,2.41
33427,3063,2.47
33527,3151,2.54
33627,3238,2.61
33727,3333,2.69
33827,3411,2.75
33927,3524,2.84
34027,3583,2.89
34127,3715,2.99
34227,3787,3.05
34327,3867,3.12
34427,4003,3.23
34527,4095,3.3
34627,4095,3.3
34727,4095,3.3
34827,4095,3.3
34927,4095,3.3
35027,4095,3.3
35127,4095,3.3
35227,4095,3.3
35327,4095,3.3
35427,4095,3.3
35527,4095,3.3
35627,4095,3.3
35727,4095,3.3
35827,4095,3.3
35927,4095,3.3
36027,4095,3.3
36127,4095,3.3
36227,4095,3.3
36327,4095,3.3
36427,4095,3.3
36527,4095,3.3
36627,4066,3.28
36727,3523,2.84
36827,3056,2.46
36927,2690,2.17
37027,2317,1.87
37127,1970,1.59
37227,1684,1.36
37327,1305,1.05
37427,854,0.69
37527,412,0.33
37627,85,0.07
37727,0,0.0
37827,0,0.0
37927,0,0.0
38027,0,0.0
38127,0,0.0
38227,0,0.0
38327,0,0.0
38427,0,0.0
38527,0,0.0
38627,0,0.0
38727,0,0.0
38827,0,0.0
38927,0,0.0
39027,0,0.0
39127,0,0.0
39227,0,0.0
39327,0,0.0
39427,0,0.0
39527,0,0.0
39627,0,0.0
39727,0,0.0
39827,0,0.0
39927,0,0.0
40027,0,0.0
40127,0,0.0
40227,0,0.0
40327,0,0.0
40427,0,0.0
40527,0,0.0
40627,0,0.0
40727,0,0.0
40827,0,0.0
40927,0,0.0
41027,0,0.0
41127,0,0.0
41227,0,0.0
41327,0,0.0
41427,0,0.0
41527,0,0.0
41627,0,0.0
41727,0,0.0
41827,0,0.0
41927,0,0.0
42027,0,0.0
42127,0,0.0
42227,0,0.0
42327,0,0.0
42427,0,0.0
42527,0,0.0
42627,0,0.0
42727,0,0.0
42827,0,0.0
42927,0,0.0
43027,0,0.0
43127,0,0.0
43227,0,0.0
43327,0,0.0
43427,0,0.0
43527,0,0.0
43627,0,0.0
43727,0,0.0
43827,0,0.0
43927,0,0.0
44027,0,0.0
44127,0,0.0
44227,0,0.0
44327,0,0.0
44427,0,0.0
44527,0,0.0
44627,0,0.0
44727,0,0.0
44827,0,0.0
44927,0,0.0
45027,0,0.0
45127,0,0.0
45227,0,0.0
45327,0,0.0
45427,0,0.0
45527,0,0.0
45627,0,0.0
45727,0,0.0
45827,0,0.0
45927,0,0.0
46027,0,0.0
46127,0,0.0
46227,0,0.0
46327,0,0.0
46427,0,0.0
46527,0,0.0
46627,0,0.0
46727,0,0.0
46827,0,0.0
46927,0,0.0
47027,0,0.0
2327,0,0.0
2427,0,0.0
2527,0,0.0
2627,0,0.0
2727,0,0.0
2827,0,0.0
2927,0,0.0
3027,0,0.0
3127,0,0.0
3227,0,0.0
3327,0,0.0
3427,0,0.0
3527,0,0.0
3627,0,0.0
3727,0,0.0
3827,0,0.0
3927,0,0.0
4027,0,0.0
4127,0,0.0
4227,0,0.0
4327,0,0.0
4427,0,0.0
4527,0,0.0
4627,0,0.0
4727,0,0.0
4827,0,0.0
4927,0,0.0
5027,0,0.0
5127,0,0.0
5227,0,0.0
5327,0,0.0
5427,0,0.0
5527,0,0.0
5627,0,0.0
5727,0,0.0
5827,0,0.0
5927,0,0.0
6027,0,0.0
6127,0,0.0
6227,0,0.0
6327,0,0.0
6427,0,0.0
6527,0,0.0
6627,0,0.0
6727,0,0.0
6827,0,0.0
6927,0,0.0
7027,0,0.0
7127,0,0.0
7227,0,0.0
7327,0,0.0
7427,0,0.0
7527,0,0.0
7627,0,0.0
7727,0,0.0
7827,0,0.0
7927,0,0.0
8027,0,0.0
8127,0,0.0
8227,0,0.0
8327,0,0.0
8427,0,0.0
8527,0,0.0
8627,0,0.0
8727,0,0.0
8827,0,0.0
8927,0,0.0
9027,0,0.0
9127,0,0.0
9227,0,0.0
9327,0,0.0
9427,0,0.0
9527,0,0.0
9627,0,0.0
9727,0,0.0
9827,0,0.0
9927,0,0.0
10027,0,0.0
10127,0,0.0
10227,0,0.0
10327,0,0.0
10427,0,0.0
10527,0,0.0
10627,0,0.0
10727,0,0.0
10827,0,0.0
10927,0,0.0
11027,0,0.0
11127,0,0.0
11227,0,0.0
11327,0,0.0
11427,0,0.0
11527,0,0.0
11627,0,0.0
11727,0,0.0
11827,0,0.0
11927,0,0.0
12027,0,0.0
12127,0,0.0
12227,0,0.0
12327,0,0.0
12427,0,0.0
12527,0,0.0
12627,0,0.0
12727,0,0.0
12827,0,0.0
12927,0,0.0
13027,0,0.0
13127,0,0.0
13227,0,0.0
13327,0,0.0
13427,0,0.0
13527,0,0.0
13627,0,0.0
13727,0,0.0
13827,0,0.0
13927,0,0.0
14027,0,0.0
14127,0,0.0
14227,0,0.0
14327,0,0.0
14427,0,0.0
14527,0,0.0
14627,0,0.0
14727,0,0.0
14827,0,0.0
14927,0,0.0
15027,0,0.0
15127,0,0.0
15227,0,0.0
15327,0,0.0
15427,0,0.0
15527,0,0.0
15627,0,0.0
15727,0,0.0
15827,0,0.0
15927,0,0.0
16027,0,0.0
16127,0,0.0
16227,0,0.0
16327,0,0.0
16427,0,0.0
16527,0,0.0
16627,0,0.0
16727,0,0.0
16827,0,0.0
16927,0,0.0
17027,0,0.0
17127,0,0.0
17227,0,0.0
17327,0,0.0
17427,0,0.0
17527,0,0.0
17627,0,0.0
17727,0,0.0
17827,0,0.0
17927,0,0.0
18027,0,0.0
18127,0,0.0
18227,0,0.0
18327,0,0.0
18427,0,0.0
18527,0,0.0
18627,0,0.0
18727,0,0.0
18827,0,0.0
18927,0,0.0
19027,0,0.0
19127,0,0.0
19227,0,0.0
19327,0,0.0
19427,0,0.0
19527,0,0.0
19627,0,0.0
19727,0,0.0
19827,0,0.0
19927,0,0.0
20027,0,0.0
20127,0,0.0
20227,0,0.0
20327,0,0.0
20427,0,0.0
20527,0,0.0
20627,0,0.0
20727,0,0.0
20827,0,0.0
20927,0,0.0
21027,0,0.0
21127,0,0.0
21227,0,0.0
21327,0,0.0
21427,0,0.0
21527,0,0.0
21627,0,0.0
21727,0,0.0
21827,0,0.0
21927,0,0.0
22027,0,0.0
22127,0,0.0
22227,0,0.0
22327,0,0.0
22427,0,0.0
22527,0,0.0
22627,0,0.0
22727,0,0.0
22827,0,0.0
22927,0,0.0
23027,0,0.0
23127,0,0.0
23227,0,0.0
23327,0,0.0
23427,0,0.0
23527,0,0.0
23627,0,0.0
23727,0,0.0
23827,0,0.0
23927,0,0.0
24027,0,0.0
24127,0,0.0
24227,0,0.0
24327,0,0.0
24427,0,0.0
24527,0,0.0
24627,0,0.0
24727,0,0.0
24827,0,0.0
24927,0,0.0
25027,0,0.0
25127,0,0.0
25227,0,0.0
25327,0,0.0
25427,0,0.0
25527,0,0.0
25627,0,0.0
25727,0,0.0
25827,0,0.0
25927,0,0.0
26027,0,0.0
26127,0,0.0
26227,0,0.0
26327,0,0.0
26427,0,0.0
26527,0,0.0
26627,0,0.0
26727,0,0.0
26827,0,0.0
26927,0,0.0
27027,0,0.0
27127,0,0.0
27227,0,0.0
27327,0,0.0
27427,0,0.0
27527,0,0.0
27627,0,0.0
27727,0,0.0
27827,0,0.0
27927,0,0.0
28027,0,0.0
28127,0,0.0
28227,0,0.0
28327,0,0.0
28427,0,0.0
28527,0,0.0
28627,0,0.0
28727,0,0.0
28827,0,0.0
28927,0,0.0
29027,0,0.0
29127,0,0.0
29227,0,0.0
29327,0,0.0
29427,0,0.0
29527,0,0.0
29627,0,0.0
29727,0,0.0
29827,0,0.0
29927,0,0.0
30027,0,0.0
30127,0,0.0
30227,0,0.0
30327,0,0.0
30427,0,0.0
30527,0,0.0
30627,0,0.0
30727,0,0.0
30827,0,0.0
30927,0,0.0
31027,0,0.0
31127,0,0.0
31227,0,0.0
31327,0,0.0
31427,0,0.0
31527,0,0.0
31627,0,0.0
31727,0,0.0
31827,0,0.0
31927,0,0.0
32027,0,0.0
32127,0,0.0
32227,0,0.0
32327,0,0.0
32427,0,0.0
32527,0,0.0
32627,0,0.0
32727,0,0.0
32827,0,0.0
32927,0,0.0
33027,0,0.0
33127,0,0.0
33227,0,0.0
33327,0,0.0
33427,0,0.0
33527,0,0.0
33627,0,0.0
33727,0,0.0
33827,0,0.0
33927,0,0.0
34027,0,0.0
34127,0,0.0
34227,0,0.0
34327,0,0.0
34427,0,0.0
34527,0,0.0
34627,0,0.0
34727,0,0.0
34827,0,0.0
34927,0,0.0
35027,0,0.0
35127,0,0.0
35227,0,0.0
35327,0,0.0
35427,0,0.0
35527,0,0.0
35627,0,0.0
35727,0,0.0
35827,0,0.0
35927,0,0.0
36027,0,0.0
36127,0,0.0
36227,0,0.0
36327,0,0.0
36427,0,0.0
36527,0,0.0
36627,0,0.0
36727,0,0.0
36827,0,0.0
36927,0,0.0
37027,0,0.0
37127,0,0.0
37227,0,0.0
37327,0,0.0
37427,0,0.0
37527,0,0.0
37627,0,0.0
37727,0,0.0
37827,0,0.0
37927,0,0.0
38027,0,0.0
38127,0,0.0
38227,0,0.0
38327,0,0.0
38427,0,0.0
38527,0,0.0
38627,0,0.0
38727,0,0.0
38827,0,0.0
38927,0,0.0
39027,0,0.0
39127,0,0.0
39227,0,0.0
39327,0,0.0
39427,0,0.0
39527,0,0.0
39627,0,0.0
39727,0,0.0
39827,0,0.0
39927,0,0.0
40027,0,0.0
40127,0,0.0
40227,0,0.0
40327,0,0.0
40427,0,0.0
40527,0,0.0
40627,0,0.0
40727,0,0.0
40827,0,0.0
40927,0,0.0
41027,0,0.0
41127,0,0.0
41227,0,0.0
41327,0,0.0
41427,0,0.0
41527,0,0.0
41627,0,0.0
41727,0,0.0
41827,0,0.0
41927,0,0.0
42027,0,0.0
42127,0,0.0
42227,0,0.0
42327,0,0.0
42427,0,0.0
42527,0,0.0
42627,0,0.0
42727,0,0.0
42827,0,0.0
42927,0,0.0
43027,0,0.0
43127,0,0.0
43227,0,0.0
43327,0,0.0
43427,0,0.0
43527,0,0.0
43627,0,0.0
43727,0,0.0
43827,0,0.0
43927,0,0.0
44027,0,0.0
44127,0,0.0
44227,0,0.0
44327,0,0.0
44427,0,0.0
44527,0,0.0
44627,0,0.0
44727,0,0.0
44827,0,0.0
44927,0,0.0
45027,0,0.0
45127,0,0.0
45227,0,0.0
45327,0,0.0
45427,0,0.0
45527,0,0.0
45627,0,0.0
45727,0,0.0
45827,0,0.0
45927,0,0.0
46027,0,0.0
46127,0,0.0
46227,0,0.0
46327,0,0.0
46427,0,0.0
46527,0,0.0
46627,0,0.0
46727,0,0.0
46827,0,0.0
46927,0,0.0
47027,0,0.0
47127,0,0.0
47227,0,0.0
47327,0,0.0
47427,0,0.0
47527,0,0.0
47627,0,0.0
47727,0,0.0
47827,0,0.0
47927,0,0.0
48027,0,0.0
48127,0,0.0
48227,0,0.0
48327,0,0.0
48427,0,0.0
48527,0,0.0
48627,0,0.0
48727,0,0.0
48827,0,0.0
48927,0,0.0
49027,0,0.0
49127,0,0.0
49227,0,0.0
49327,0,0.0
49427,0,0.0
49527,0,0.0
49627,0,0.0
49727,0,0.0
49827,0,0.0
49927,0,0.0
50027,0,0.0
50127,0,0.0
50227,0,0.0
50327,0,0.0
50427,0,0.0
50527,0,0.0
50627,0,0.0
50727,0,0.0
50827,0,0.0
50927,0,0.0
51027,0,0.0
51127,0,0.0
51227,0,0.0
51327,0,0.0
51427,0,0.0
51527,0,0.0
51627,0,0.0
51727,0,0.0
51827,0,0.0
51927,0,0.0
52027,0,0.0
52127,0,0.0
52227,0,0.0
52327,0,0.0
52427,0,0.0
52527,0,0.0
52627,0,0.0
52727,0,0.0
52827,0,0.0
52927,0,0.0
53027,0,0.0
53127,0,0.0
53227,0,0.0
53327,0,0.0
53427,0,0.0
53527,0,0.0
53627,0,0.0
53727,0,0.0
53827,0,0.0
53927,0,0.0
54027,0,0.0
54127,0,0.0
54227,0,0.0
54327,0,0.0
54427,0,0.0
54527,0,0.0
54627,0,0.0
54727,0,0.0
54827,0,0.0
54927,0,0.0
55027,0,0.0
55127,0,0.0
55227,0,0.0
55327,0,0.0
55427,0,0.0
55527,0,0.0
55627,0,0.0
55727,0,0.0
55827,0,0.0
55927,0,0.0
56027,0,0.0
56127,0,0.0
56227,0,0.0
56327,0,0.0
56427,0,0.0
56527,0,0.0
56627,0,0.0
56727,0,0.0
56827,0,0.0
56927,0,0.0
57027,0,0.0
57127,0,0.0
57227,0,0.0
57327,0,0.0
57427,0,0.0
57527,0,0.0
57627,0,0.0
57727,0,0.0
57827,0,0.0
57927,0,0.0
58027,0,0.0
58127,0,0.0
58227,0,0.0
58327,0,0.0
58427,0,0.0
58527,0,0.0
58627,0,0.0
58727,0,0.0
58827,0,0.0
58927,0,0.0
59027,0,0.0
59127,0,0.0
59227,0,0.0
59327,0,0.0
59427,0,0.0
59527,0,0.0
59627,0,0.0
59727,0,0.0
59827,0,0.0
59927,0,0.0
60027,0,0.0
60127,0,0.0
60227,0,0.0
60327,0,0.0
60427,0,0.0
60527,0,0.0
60627,0,0.0
60727,0,0.0
60827,0,0.0
60927,0,0.0
61027,0,0.0
61127,0,0.0
61227,0,0.0
61327,0,0.0
61427,0,0.0
61527,0,0.0
61627,0,0.0
61727,0,0.0
61827,0,0.0
61927,0,0.0
62027,0,0.0
62127,0,0.0
62227,0,0.0
62327,0,0.0
62427,0,0.0
62527,0,0.0
62627,0,0.0
62727,0,0.0
62827,0,0.0
62927,0,0.0
63027,0,0.0
63127,0,0.0
63227,0,0.0
63327,0,0.0
63427,0,0.0
63527,0,0.0
63627,0,0.0
63727,0,0.0
63827,0,0.0
63927,0,0.0
64027,0,0.0
64127,0,0.0
64227,0,0.0
64327,0,0.0
64427,0,0.0
64527,0,0.0
64627,0,0.0
64727,0,0.0
64827,0,0.0
64927,0,0.0
65027,0,0.0
65127,0,0.0
65227,0,0.0
65327,0,0.0
65427,0,0.0
65527,0,0.0
65627,0,0.0
65727,0,0.0
65827,0,0.0
65927,0,0.0
66027,0,0.0
66127,0,0.0
66227,0,0.0
66327,0,0.0
66427,0,0.0
66527,0,0.0
66627,0,0.0
66727,0,0.0
66827,0,0.0
66927,0,0.0
67027,0,0.0
67127,0,0.0
67227,0,0.0
67327,0,0.0
67427,0,0.0
67527,0,0.0
67627,0,0.0
67727,0,0.0
67827,0,0.0
67927,0,0.0
68027,0,0.0
68127,0,0.0
68227,0,0.0
68327,0,0.0
68427,0,0.0
68527,0,0.0
68627,0,0.0
68727,0,0.0
68827,0,0.0
68927,0,0.0
69027,0,0.0
69127,0,0.0
69227,0,0.0
69327,0,0.0
69427,0,0.0
69527,0,0.0
69627,0,0.0
69727,0,0.0
69827,0,0.0
69927,0,0.0
70027,0,0.0
70127,0,0.0
70227,0,0.0
70327,0,0.0
70427,0,0.0
70527,0,0.0
70627,0,0.0
70727,0,0.0
70827,0,0.0
70927,0,0.0
71027,0,0.0
71127,0,0.0
71227,0,0.0
71327,0,0.0
71427,0,0.0
71527,0,0.0
71627,0,0.0
71727,0,0.0
71827,0,0.0
71927,0,0.0
72027,0,0.0
72127,0,0.0
72227,0,0.0
72327,33,0.03
72427,87,0.07
72527,144,0.12
72627,222,0.18
72727,304,0.24
72827,374,0.3
72927,444,0.36
73027,538,0.43
73127,629,0.51
73227,683,0.55
73327,704,0.57
73427,732,0.59
73527,739,0.6
73627,733,0.59
73727,731,0.59
73827,721,0.58
73927,729,0.59
74027,730,0.59
74127,731,0.59
74227,733,0.59
74327,729,0.59
74427,729,0.59
74527,732,0.59
74627,731,0.59
74727,720,0.58
74827,732,0.59
74927,735,0.59
75027,735,0.59
75127,730,0.59
75227,723,0.58
75327,731,0.59
75427,726,0.59
75527,747,0.6
75627,825,0.66
75727,964,0.78
75827,1106,0.89
75927,1196,0.96
76027,1266,1.02
76127,1296,1.04
76227,1319,1.06
76327,1348,1.09
76427,1393,1.12
76527,1425,1.15
76627,1460,1.18
76727,1486,1.2
76827,1505,1.21
76927,1535,1.24
77027,1569,1.26
77127,1567,1.26
77227,1595,1.29
77327,1627,1.31
77427,1642,1.32
77527,1675,1.35
77627,1702,1.37
77727,1715,1.38
77827,1727,1.39
77927,1735,1.4
78027,1765,1.42
78127,1771,1.43
78227,1792,1.44
78327,1805,1.45
78427,1821,1.47
78527,1856,1.5
78627,1867,1.5
78727,1889,1.52
78827,1904,1.53
78927,1930,1.56
79027,1909,1.54
79127,1918,1.55
79227,1919,1.55
79327,1917,1.54
79427,1918,1.55
79527,1879,1.51
79627,1921,1.55
79727,1913,1.54
79827,1927,1.55
79927,1923,1.55
80027,1919,1.55
80127,1920,1.55
80227,1913,1.54
80327,1919,1.55
80427,1918,1.55
80527,1921,1.55
80627,1914,1.54
80727,1919,1.55
80827,1915,1.54
80927,1917,1.54
81027,1914,1.54
81127,1910,1.54
81227,1934,1.56
81327,1920,1.55
81427,1917,1.54
81527,1910,1.54
81627,1910,1.54
81727,1913,1.54
81827,1916,1.54
81927,1915,1.54
82027,1917,1.54
82127,1916,1.54
82227,1923,1.55
82327,1914,1.54
82427,1913,1.54
82527,1914,1.54
82627,1910,1.54
82727,1914,1.54
82827,1915,1.54
82927,1917,1.54
83027,1910,1.54
83127,1929,1.55
83227,1917,1.54
83327,1915,1.54
83427,1914,1.54
83527,1917,1.54
83627,1917,1.54
83727,1915,1.54
83827,1915,1.54
83927,1915,1.54
84027,1921,1.55
84127,1920,1.55
84227,1910,1.54
84327,1917,1.54
84427,1913,1.54
84527,1918,1.55
84627,1923,1.55
84727,1931,1.56
84827,1919,1.55
84927,1911,1.54
85027,1919,1.55
85127,1913,1.54
85227,1915,1.54
85327,1915,1.54
85427,1922,1.55
85527,1917,1.54
85627,1909,1.54
85727,1918,1.55
85827,1920,1.55
85927,1915,1.54
86027,1922,1.55
86127,1911,1.54
86227,1918,1.55
86327,1933,1.56
86427,1918,1.55
86527,1923,1.55
86627,1922,1.55
86727,1917,1.54
86827,1914,1.54
86927,1920,1.55
87027,1921,1.55
87127,1925,1.55
87227,1911,1.54
87327,1922,1.55
87427,1909,1.54
87527,1920,1.55
87627,1920,1.55
87727,1923,1.55
87827,1917,1.54
87927,1918,1.55
88027,1909,1.54
88127,1915,1.54
88227,1921,1.55
88327,1907,1.54
88427,1910,1.54
88527,1918,1.55
88627,1919,1.55
88727,1920,1.55
88827,1917,1.54
88927,1921,1.55
89027,1917,1.54
89127,1915,1.54
89227,1919,1.55
89327,1913,1.54
89427,1919,1.55
89527,1920,1.55
89627,1904,1.53
89727,1932,1.56
89827,1922,1.55
89927,1919,1.55
90027,1917,1.54
90127,1907,1.54
90227,1905,1.54
90327,1920,1.55
90427,1899,1.53
90527,1929,1.55
90627,1919,1.55
90727,1909,1.54
90827,1917,1.54
90927,1917,1.54
91027,1923,1.55
91127,1920,1.55
91227,1913,1.54
91327,1908,1.54
91427,1926,1.55
91527,1920,1.55
91627,1921,1.55
91727,1915,1.54
91827,1919,1.55
91927,1907,1.54
92027,1909,1.54
92127,1934,1.56
92227,1915,1.54
92327,1918,1.55
92427,1918,1.55
92527,1908,1.54
92627,1915,1.54
92727,1919,1.55
92827,1915,1.54
92927,1907,1.54
93027,1919,1.55
93127,1921,1.55
93227,1917,1.54
93327,1918,1.55
93427,1904,1.53
93527,1919,1.55
93627,1909,1.54
93727,1926,1.55
93827,1911,1.54
93927,1916,1.54
94027,1915,1.54
94127,1906,1.54
94227,1909,1.54
94327,1919,1.55
94427,1905,1.54
94527,1915,1.54
94627,1918,1.55
94727,1911,1.54
94827,1914,1.54
94927,1915,1.54
95027,1917,1.54
95127,1918,1.55
95227,1920,1.55
95327,1918,1.55
95427,1908,1.54
95527,1925,1.55
95627,1931,1.56
95727,1917,1.54
95827,1915,1.54
95927,1922,1.55
96027,1913,1.54
96127,1923,1.55
96227,1913,1.54
96327,1915,1.54
96427,1915,1.54
96527,1909,1.54
96627,1920,1.55
96727,1909,1.54
96827,1925,1.55
96927,1920,1.55
97027,1917,1.54
97127,1909,1.54
97227,1909,1.54
97327,1918,1.55
97427,1914,1.54
97527,1922,1.55
97627,1917,1.54
97727,1919,1.55
97827,1921,1.55
97927,1919,1.55
98027,1903,1.53
98127,1907,1.54
98227,1900,1.53
98327,1898,1.53
98427,1920,1.55
98527,1915,1.54
98627,1914,1.54
98727,1909,1.54
98827,1905,1.54
98927,1921,1.55
99027,1915,1.54
99127,1913,1.54
99227,1914,1.54
99327,1917,1.54
99427,1915,1.54
99527,1919,1.55
99627,1919,1.55
99727,1918,1.55
99827,1915,1.54
99927,1903,1.53
100027,1926,1.55
100127,1910,1.54
100227,1920,1.55
100327,1907,1.54
100427,1919,1.55
100527,1915,1.54
100627,1917,1.54
100727,1925,1.55
100827,1907,1.54
100927,1919,1.55
101027,1920,1.55
101127,1918,1.55
101227,1920,1.55
101327,1919,1.55
101427,1919,1.55
101527,1931,1.56
101627,1931,1.56
101727,1911,1.54
101827,1922,1.55
101927,1910,1.54
102027,1893,1.53
102127,1919,1.55
102227,1915,1.54
102327,1915,1.54
102427,1917,1.54
102527,1920,1.55
102627,1921,1.55
102727,1915,1.54
102827,1904,1.53
102927,1919,1.55
103027,1917,1.54
103127,1920,1.55
103227,1921,1.55
103327,1926,1.55
103427,1921,1.55
103527,1915,1.54
103627,1915,1.54
103727,1923,1.55
103827,1919,1.55
103927,1917,1.54
104027,1919,1.55
104127,1919,1.55
104227,1906,1.54
104327,1954,1.57
104427,1926,1.55
104527,1921,1.55
104627,1915,1.54
104727,1919,1.55
104827,1918,1.55
104927,1923,1.55
105027,1915,1.54
105127,1921,1.55
105227,1925,1.55
105327,1919,1.55
105427,1909,1.54
105527,1921,1.55
105627,1919,1.55
105727,1918,1.55
105827,1920,1.55
105927,1911,1.54
106027,1904,1.53
106127,1914,1.54
106227,1918,1.55
106327,1919,1.55
106427,1923,1.55
106527,1922,1.55
106627,1919,1.55
106727,1920,1.55
106827,1909,1.54
106927,1915,1.54
107027,1921,1.55
107127,1919,1.55
107227,1915,1.54
107327,1919,1.55
107427,1919,1.55
107527,1915,1.54
107627,1925,1.55
107727,1907,1.54
107827,1910,1.54
107927,1918,1.55
108027,1915,1.54
108127,1909,1.54
108227,1918,1.55
108327,1919,1.55
108427,1905,1.54
108527,1920,1.55
108627,1920,1.55
108727,1909,1.54
108827,1922,1.55
108927,1919,1.55
109027,1918,1.55
109127,1913,1.54
109227,1895,1.53
109327,1926,1.55
109427,1914,1.54
109527,1916,1.54
109627,1920,1.55
109727,1913,1.54
109827,1917,1.54
109927,1919,1.55
110027,1893,1.53
110127,1923,1.55
110227,1911,1.54
110327,1911,1.54
110427,1919,1.55
110527,1907,1.54
110627,1915,1.54
110727,1919,1.55
110827,1917,1.54
110927,1927,1.55
111027,1922,1.55
111127,1920,1.55
111227,1920,1.55
111327,1918,1.55
111427,1916,1.54
111527,1914,1.54
111627,1918,1.55
111727,1890,1.52
111827,1915,1.54
111927,1917,1.54
112027,1909,1.54
112127,1918,1.55
112227,1921,1.55
112327,1919,1.55
112427,1911,1.54
112527,1913,1.54
112627,1935,1.56
112727,1917,1.54
112827,1917,1.54
112927,1917,1.54
113027,1917,1.54
113127,1915,1.54
113227,1919,1.55
113327,1952,1.57
113427,1924,1.55
113527,1917,1.54
113627,1920,1.55
113727,1914,1.54
113827,1907,1.54
113927,1911,1.54
114027,1919,1.55
114127,1915,1.54
114227,1920,1.55
114327,1914,1.54
114427,1913,1.54
114527,1920,1.55
114627,1906,1.54
114727,1905,1.54
114827,1917,1.54
114927,1910,1.54
115027,1919,1.55
115127,1914,1.54
115227,1919,1.55
115327,1913,1.54
115427,1919,1.55
115527,1918,1.55
115627,1911,1.54
115727,1914,1.54
115827,1922,1.55
115927,1922,1.55
116027,1924,1.55
116127,1938,1.56
116227,1919,1.55
116327,1919,1.55
116427,1914,1.54
116527,1930,1.56
116627,1922,1.55
116727,1919,1.55
116827,1910,1.54
116927,1920,1.55
117027,1919,1.55
117127,1923,1.55
117227,1920,1.55
117327,1913,1.54
117427,1914,1.54
117527,1921,1.55
117627,1923,1.55
117727,1919,1.55
117827,1920,1.55
117927,1921,1.55
118027,1909,1.54
118127,1918,1.55
118227,1919,1.55
118327,1913,1.54
118427,1917,1.54
118527,1920,1.55
118627,1911,1.54
118727,1895,1.53
118827,1916,1.54
118927,1921,1.55
119027,1922,1.55
119127,1920,1.55
119227,1919,1.55
119327,1911,1.54
119427,1903,1.53
119527,1904,1.53
119627,1925,1.55
119727,1919,1.55
119827,1918,1.55
119927,1915,1.54
120027,1920,1.55
120127,1915,1.54
120227,1892,1.52
120327,1922,1.55
120427,1915,1.54
120527,1919,1.55
120627,1923,1.55
120727,1920,1.55
120827,1915,1.54
120927,1916,1.54
121027,1918,1.55
121127,1889,1.52
121227,1920,1.55
121327,1911,1.54
121427,1917,1.54
121527,1911,1.54
121627,1917,1.54
121727,1926,1.55
121827,1920,1.55
121927,1923,1.55
122027,1917,1.54
122127,1920,1.55
122227,1924,1.55
122327,1917,1.54
122427,1918,1.55
122527,1918,1.55
122627,1925,1.55
122727,1899,1.53
122827,1904,1.53
122927,1920,1.55
123027,1910,1.54
123127,1915,1.54
123227,1915,1.54
123327,1918,1.55
123427,1919,1.55
123527,1904,1.53
123627,1919,1.55
123727,1915,1.54
123827,1915,1.54
123927,1916,1.54
124027,1919,1.55
124127,1917,1.54
124227,1919,1.55
124327,1891,1.52
124427,1906,1.54
124527,1913,1.54
124627,1914,1.54
124727,1920,1.55
124827,1911,1.54
124927,1906,1.54
125027,1919,1.55
125127,1917,1.54
125227,1904,1.53
125327,1911,1.54
125427,1911,1.54
125527,1908,1.54
125627,1917,1.54
125727,1919,1.55
125827,1914,1.54
125927,1918,1.55
126027,1918,1.55
126127,1917,1.54
126227,1897,1.53
126327,1911,1.54
126427,1916,1.54
126527,1918,1.55
126627,1909,1.54
126727,1915,1.54
126827,1915,1.54
126927,1916,1.54
127027,1920,1.55
127127,1922,1.55
127227,1922,1.55
127327,1921,1.55
127427,1921,1.55
127527,1915,1.54
127627,1919,1.55
127727,1920,1.55
127827,1918,1.55
127927,1931,1.56
128027,1905,1.54
128127,1919,1.55
128227,1920,1.55
128327,1919,1.55
128427,1919,1.55
128527,1915,1.54
128627,1919,1.55
128727,1921,1.55
128827,1901,1.53
128927,1908,1.54
129027,1919,1.55
129127,1920,1.55
129227,1922,1.55
129327,1907,1.54
129427,1919,1.55
129527,1913,1.54
129627,1902,1.53
129727,1923,1.55
129827,1919,1.55
129927,1917,1.54
130027,1916,1.54
130127,1917,1.54
130227,1916,1.54
130327,1919,1.55
130427,1919,1.55
130527,1919,1.55
130627,1919,1.55
130727,1911,1.54
130827,1911,1.54
130927,1918,1.55
131027,1917,1.54
131127,1907,1.54
131227,1926,1.55
131327,1915,1.54
131427,1920,1.55
131527,1936,1.56
131627,1909,1.54
131727,1921,1.55
131827,1913,1.54
131927,1920,1.55
132027,1915,1.54
132127,1922,1.55
132227,1946,1.57
132327,1930,1.56
132427,1918,1.55
132527,1915,1.54
132627,1917,1.54
132727,1919,1.55
132827,1920,1.55
132927,1913,1.54
133027,1911,1.54
133127,1921,1.55
133227,1920,1.55
133327,1920,1.55
133427,1917,1.54
133527,1919,1.55
133627,1910,1.54
133727,1916,1.54
133827,1916,1.54
133927,1920,1.55
134027,1913,1.54
134127,1910,1.54
134227,1918,1.55
134327,1926,1.55
134427,1911,1.54
134527,1920,1.55
134627,1919,1.55
134727,1913,1.54
134827,1925,1.55
134927,1916,1.54
135027,1915,1.54
135127,1909,1.54
135227,1915,1.54
135327,1918,1.55
135427,1918,1.55
135527,1920,1.55
135627,1906,1.54
135727,1923,1.55
135827,1920,1.55
135927,1930,1.56
136027,1913,1.54
136127,1920,1.55
136227,1914,1.54
136327,1910,1.54
136427,1909,1.54
136527,1925,1.55
136627,1924,1.55
136727,1917,1.54
136827,1901,1.53
136927,1907,1.54
137027,1914,1.54
137127,1925,1.55
137227,1911,1.54
137327,1924,1.55
137427,1927,1.55
137527,1917,1.54
137627,1919,1.55
137727,1909,1.54
137827,1911,1.54
137927,1911,1.54
138027,1917,1.54
138127,1917,1.54
138227,1923,1.55
138327,1910,1.54
138427,1922,1.55
138527,1913,1.54
138627,1904,1.53
138727,1921,1.55
138827,1917,1.54
138927,1909,1.54
139027,1931,1.56
139127,1965,1.58
139227,2014,1.62
139327,2043,1.65
139427,2055,1.66
139527,2111,1.7
139627,2138,1.72
139727,2180,1.76
139827,2242,1.81
139927,2288,1.84
140027,2320,1.87
140127,2390,1.93
140227,2423,1.95
140327,2481,2.0
140427,2513,2.03
140527,2589,2.09
140627,2608,2.1
140727,2658,2.14
140827,2730,2.2
140927,2704,2.18
141027,2738,2.21
141127,2736,2.2
141227,2742,2.21
141327,2747,2.21
141427,2736,2.2
141527,2732,2.2
141627,2755,2.22
141727,2753,2.22
141827,2743,2.21
141927,2751,2.22
142027,2742,2.21
142127,2775,2.24
142227,2835,2.28
142327,2903,2.34
142427,2979,2.4
142527,3043,2.45
142627,3102,2.5
142727,3159,2.55
142827,3210,2.59
142927,3281,2.64
143027,3370,2.72
143127,3464,2.79
143227,3525,2.84
143327,3552,2.86
143427,3627,2.92
143527,3663,2.95
143627,3733,3.01
143727,3781,3.05
143827,3842,3.1
143927,3956,3.19
144027,3999,3.22
144127,4079,3.29
144227,4095,3.3
144327,4095,3.3
144427,4095,3.3
144527,4095,3.3
144627,4095,3.3
144727,4095,3.3
144827,4095,3.3
144927,4095,3.3
145027,4095,3.3
145127,4095,3.3
145227,4095,3.3
145327,4095,3.3
145427,4095,3.3
145527,4095,3.3
145627,4095,3.3
145727,4095,3.3
145827,4095,3.3
145927,4095,3.3
146027,4095,3.3
146127,4095,3.3
146227,4095,3.3
146327,4095,3.3
146427,4095,3.3
146527,4095,3.3
146627,4095,3.3
146727,4095,3.3
146827,4095,3.3
146927,4095,3.3
147027,4095,3.3
147127,4095,3.3
147227,4095,3.3
147327,4095,3.3
147427,4095,3.3
147527,4095,3.3
147627,4095,3.3
147727,4095,3.3
147827,3949,3.18
147927,3873,3.12
148027,3783,3.05
148127,3673,2.96
148227,3603,2.9
148327,3568,2.88
148427,3518,2.84
148527,3458,2.79
148627,3374,2.72
148727,3312,2.67
148827,3255,2.62
148927,3200,2.58
149027,3206,2.58
149127,3184,2.57
149227,3184,2.57
149327,3185,2.57
149427,3195,2.57
149527,3184,2.57
149627,3158,2.54
149727,3115,2.51
149827,3027,2.44
149927,2960,2.39
150027,2853,2.3
150127,2795,2.25
150227,2736,2.2
150327,2729,2.2
150427,2674,2.15
150527,2624,2.11
150627,2559,2.06
150727,2528,2.04
150827,2475,1.99
150927,2425,1.95
151027,2354,1.9
151127,2303,1.86
151227,2299,1.85
151327,2271,1.83
151427,2235,1.8
151527,2173,1.75
151627,2123,1.71
151727,2064,1.66
151827,2045,1.65
151927,2032,1.64
152027,1989,1.6
152127,1961,1.58
152227,1969,1.59
152327,1963,1.58
152427,1940,1.56
152527,1927,1.55
152627,1914,1.54
152727,1872,1.51
152827,1836,1.48
152927,1829,1.47
153027,1825,1.47
153127,1816,1.46
153227,1819,1.47
153327,1826,1.47
153427,1821,1.47
153527,1830,1.47
153627,1806,1.46
153727,1747,1.41
153827,1673,1.35
153927,1597,1.29
154027,1501,1.21
154127,1410,1.14
154227,1329,1.07
154327,1238,1.0
154427,1168,0.94
154527,1100,0.89
154627,1010,0.81
154727,956,0.77
154827,951,0.77
154927,939,0.76
155027,944,0.76
155127,983,0.79
155227,935,0.75
155327,946,0.76
155427,935,0.75
155527,954,0.77
155627,918,0.74
155727,879,0.71
155827,829,0.67
155927,746,0.6
156027,657,0.53
156127,563,0.45
156227,478,0.39
156327,386,0.31
156427,363,0.29
156527,344,0.28
156627,295,0.24
156727,233,0.19
156827,164,0.13
156927,129,0.1
157027,85,0.07
157127,81,0.07
157227,80,0.06
157327,68,0.05
157427,2,0.0
157527,0,0.0
157627,0,0.0
157727,0,0.0
157827,0,0.0
157927,0,0.0
158027,0,0.0
158127,0,0.0
158227,0,0.0
158327,0,0.0
158427,0,0.0
158527,0,0.0
158627,0,0.0
158727,0,0.0
158827,0,0.0
158927,0,0.0
159027,0,0.0
159127,0,0.0
159227,0,0.0
159327,0,0.0
159427,0,0.0
159527,0,0.0
159627,0,0.0
159727,0,0.0
159827,0,0.0
159927,0,0.0
160027,0,0.0
160127,0,0.0
160227,0,0.0
160327,0,0.0
160427,0,0.0
160527,0,0.0
160627,0,0.0
160727,0,0.0
160827,0,0.0
160927,0,0.0
161027,0,0.0
161127,0,0.0
161227,0,0.0
161327,0,0.0
161427,0,0.0
161527,0,0.0
161627,0,0.0
161727,0,0.0
161827,0,0.0
161927,0,0.0
162027,0,0.0
162127,0,0.0
162227,0,0.0
162327,0,0.0
162427,0,0.0
162527,39,0.03
162627,170,0.14
162727,293,0.24
162827,297,0.24
162927,304,0.24
163027,310,0.25
163127,304,0.24
163227,310,0.25
163327,407,0.33
163427,545,0.44
163527,688,0.55
163627,848,0.68
163727,1008,0.81
163827,1168,0.94
163927,1312,1.06
164027,1417,1.14
164127,1521,1.23
164227,1574,1.27
164327,1634,1.32
164427,1624,1.31
164527,1584,1.28
164627,1504,1.21
164727,1409,1.14
164827,1340,1.08
164927,1221,0.98
165027,1136,0.92
165127,1050,0.85
165227,971,0.78
165327,912,0.73
165427,847,0.68
165527,794,0.64
165627,755,0.61
165727,752,0.61
165827,782,0.63
165927,893,0.72
166027,1061,0.86
166127,1257,1.01
166227,1453,1.17
166327,1606,1.29
166427,1758,1.42
166527,1899,1.53
166627,2063,1.66
166727,2192,1.77
166827,2294,1.85
166927,2363,1.9
167027,2407,1.94
167127,2432,1.96
167227,2450,1.97
167327,2447,1.97
167427,2441,1.97
167527,2449,1.97
167627,2448,1.97
167727,2438,1.96
167827,2443,1.97
167927,2433,1.96
168027,2439,1.97
168127,2441,1.97
168227,2435,1.96
168327,2433,1.96
168427,2453,1.98
168527,2439,1.97
168627,2435,1.96
168727,2427,1.96
168827,2435,1.96
168927,2443,1.97
169027,2432,1.96
169127,2435,1.96
169227,2441,1.97
169327,2439,1.97
169427,2441,1.97
169527,2437,1.96
169627,2437,1.96
169727,2433,1.96
169827,2431,1.96
169927,2433,1.96
170027,2448,1.97
170127,2446,1.97
170227,2436,1.96
170327,2437,1.96
170427,2442,1.97
170527,2432,1.96
170627,2441,1.97
170727,2443,1.97
170827,2411,1.94
170927,2454,1.98
171027,2432,1.96
171127,2430,1.96
171227,2443,1.97
171327,2434,1.96
171427,2436,1.96
171527,2439,1.97
171627,2437,1.96
171727,2418,1.95
171827,2442,1.97
171927,2443,1.97
172027,2436,1.96
172127,2443,1.97
172227,2433,1.96
172327,2431,1.96
172427,2434,1.96
172527,2436,1.96
172627,2442,1.97
172727,2446,1.97
172827,2439,1.97
172927,2433,1.96
173027,2436,1.96
173127,2434,1.96
173227,2441,1.97
173327,2407,1.94
173427,2450,1.97
173527,2445,1.97
173627,2435,1.96
173727,2431,1.96
173827,2429,1.96
173927,2435,1.96
174027,2436,1.96
174127,2461,1.98
174227,2458,1.98
174327,2433,1.96
174427,2447,1.97
174527,2435,1.96
174627,2434,1.96
174727,2439,1.97
174827,2432,1.96
174927,2445,1.97
175027,2425,1.95
175127,2435,1.96
175227,2435,1.96
175327,2442,1.97
175427,2443,1.97
175527,2435,1.96
175627,2432,1.96
175727,2432,1.96
175827,2447,1.97
175927,2425,1.95
176027,2435,1.96
176127,2435,1.96
176227,2437,1.96
176327,2443,1.97
176427,2437,1.96
176527,2430,1.96
176627,2435,1.96
176727,2434,1.96
176827,2437,1.96
176927,2445,1.97
177027,2437,1.96
177127,2433,1.96
177227,2433,1.96
177327,2434,1.96
177427,2438,1.96
177527,2439,1.97
177627,2434,1.96
177727,2442,1.97
177827,2433,1.96
177927,2426,1.96
178027,2444,1.97
178127,2431,1.96
178227,2443,1.97
178327,2433,1.96
178427,2434,1.96
178527,2431,1.96
178627,2434,1.96
178727,2430,1.96
178827,2435,1.96
178927,2438,1.96
179027,2439,1.97
179127,2433,1.96
179227,2439,1.97
179327,2427,1.96
179427,2422,1.95
179527,2427,1.96
179627,2438,1.96
179727,2433,1.96
179827,2448,1.97
179927,2437,1.96
180027,2427,1.96
180127,2433,1.96
180227,2443,1.97
180327,2445,1.97
180427,2439,1.97
180527,2432,1.96
180627,2441,1.97
180727,2442,1.97
180827,2441,1.97
180927,2435,1.96
181027,2439,1.97
181127,2416,1.95
181227,2441,1.97
181327,2437,1.96
181427,2435,1.96
181527,2441,1.97
181627,2435,1.96
181727,2437,1.96
181827,2442,1.97
181927,2454,1.98
182027,2443,1.97
182127,2448,1.97
182227,2439,1.97
182327,2447,1.97
182427,2432,1.96
182527,2441,1.97
182627,2434,1.96
182727,2448,1.97
182827,2439,1.97
182927,2441,1.97
183027,2442,1.97
183127,2445,1.97
183227,2438,1.96
183327,2433,1.96
183427,2447,1.97
183527,2435,1.96
183627,2439,1.97
183727,2424,1.95
183827,2435,1.96
183927,2445,1.97
184027,2447,1.97
184127,2445,1.97
184227,2432,1.96
184327,2431,1.96
184427,2428,1.96
184527,2450,1.97
184627,2438,1.96
184727,2443,1.97
184827,2448,1.97
184927,2435,1.96
185027,2448,1.97
185127,2427,1.96
185227,2431,1.96
185327,2450,1.97
185427,2439,1.97
185527,2442,1.97
185627,2441,1.97
185727,2434,1.96
185827,2434,1.96
185927,2448,1.97
186027,2439,1.97
186127,2436,1.96
186227,2437,1.96
186327,2439,1.97
186427,2437,1.96
186527,2435,1.96
186627,2448,1.97
186727,2443,1.97
186827,2434,1.96
186927,2439,1.97
187027,2432,1.96
187127,2439,1.97
187227,2435,1.96
187327,2439,1.97
187427,2438,1.96
187527,2431,1.96
187627,2434,1.96
187727,2448,1.97
187827,2434,1.96
187927,2440,1.97
188027,2440,1.97
188127,2432,1.96
188227,2435,1.96
188327,2445,1.97
188427,2432,1.96
188527,2430,1.96
188627,2443,1.97
188727,2435,1.96
188827,2443,1.97
188927,2431,1.96
189027,2435,1.96
189127,2433,1.96
189227,2446,1.97
189327,2443,1.97
189427,2438,1.96
189527,2432,1.96
189627,2433,1.96
189727,2449,1.97
189827,2441,1.97
189927,2437,1.96
190027,2445,1.97
190127,2434,1.96
190227,2445,1.97
190327,2437,1.96
190427,2434,1.96
190527,2448,1.97
190627,2446,1.97
190727,2430,1.96
190827,2433,1.96
190927,2443,1.97
191027,2437,1.96
191127,2443,1.97
191227,2438,1.96
191327,2443,1.97
191427,2433,1.96
191527,2435,1.96
191627,2439,1.97
191727,2432,1.96
191827,2434,1.96
191927,2446,1.97
192027,2431,1.96
192127,2429,1.96
192227,2421,1.95
192327,2442,1.97
192427,2437,1.96
192527,2433,1.96
192627,2442,1.97
192727,2445,1.97
192827,2435,1.96
192927,2437,1.96
193027,2423,1.95
193127,2448,1.97
193227,2435,1.96
193327,2434,1.96
193427,2439,1.97
193527,2439,1.97
193627,2436,1.96
193727,2435,1.96
193827,2437,1.96
193927,2441,1.97
194027,2429,1.96
194127,2448,1.97
194227,2437,1.96
194327,2441,1.97
194427,2443,1.97
194527,2442,1.97
194627,2437,1.96
194727,2442,1.97
194827,2435,1.96
194927,2432,1.96
195027,2433,1.96
195127,2435,1.96
195227,2438,1.96
195327,2431,1.96
195427,2447,1.97
195527,2438,1.96
195627,2437,1.96
195727,2463,1.98
195827,2432,1.96
195927,2435,1.96
196027,2437,1.96
196127,2438,1.96
196227,2434,1.96
196327,2443,1.97
196427,2437,1.96
196527,2455,1.98
196627,2435,1.96
196727,2442,1.97
196827,2435,1.96
196927,2434,1.96
197027,2431,1.96
197127,2432,1.96
197227,2439,1.97
197327,2438,1.96
197427,2447,1.97
197527,2434,1.96
197627,2445,1.97
197727,2437,1.96
197827,2441,1.97
197927,2438,1.96
198027,2441,1.97
198127,2433,1.96
198227,2429,1.96
198327,2443,1.97
198427,2431,1.96
198527,2435,1.96
198627,2434,1.96
198727,2442,1.97
198827,2433,1.96
198927,2446,1.97
199027,2445,1.97
199127,2439,1.97
199227,2443,1.97
199327,2444,1.97
199427,2448,1.97
199527,2432,1.96
199627,2432,1.96
199727,2433,1.96
199827,2439,1.97
199927,2431,1.96
200027,2429,1.96
200127,2412,1.94
200227,2425,1.95
200327,2445,1.97
200427,2442,1.97
200527,2439,1.97
200627,2433,1.96
200727,2447,1.97
200827,2442,1.97
200927,2439,1.97
201027,2426,1.96
201127,2442,1.97
201227,2447,1.97
201327,2429,1.96
201427,2431,1.96
201527,2434,1.96
201627,2441,1.97
201727,2432,1.96
201827,2454,1.98
201927,2435,1.96
202027,2434,1.96
202127,2445,1.97
202227,2443,1.97
202327,2443,1.97
202427,2442,1.97
202527,2434,1.96
202627,2426,1.96
202727,2427,1.96
202827,2437,1.96
202927,2441,1.97
203027,2439,1.97
203127,2436,1.96
203227,2446,1.97
203327,2443,1.97
203427,2446,1.97
203527,2450,1.97
203627,2444,1.97
203727,2438,1.96
203827,2431,1.96
203927,2442,1.97
204027,2437,1.96
204127,2438,1.96
204227,2438,1.96
204327,2437,1.96
204427,2438,1.96
204527,2432,1.96
204627,2437,1.96
204727,2436,1.96
204827,2438,1.96
204927,2443,1.97
205027,2442,1.97
205127,2442,1.97
205227,2432,1.96
205327,2439,1.97
205427,2441,1.97
205527,2447,1.97
205627,2442,1.97
205727,2442,1.97
205827,2432,1.96
205927,2434,1.96
206027,2431,1.96
206127,2439,1.97
206227,2435,1.96
206327,2447,1.97
206427,2437,1.96
206527,2445,1.97
206627,2432,1.96
206727,2439,1.97
206827,2445,1.97
206927,2439,1.97
207027,2445,1.97
207127,2434,1.96
207227,2447,1.97
207327,2439,1.97
207427,2434,1.96
207527,2433,1.96
207627,2439,1.97
207727,2442,1.97
207827,2438,1.96
207927,2432,1.96
208027,2438,1.96
208127,2441,1.97
208227,2439,1.97
208327,2437,1.96
208427,2448,1.97
208527,2433,1.96
208627,2434,1.96
208727,2443,1.97
208827,2442,1.97
208927,2434,1.96
209027,2443,1.97
209127,2437,1.96
209227,2437,1.96
209327,2434,1.96
209427,2434,1.96
209527,2434,1.96
209627,2421,1.95
209727,2449,1.97
209827,2448,1.97
209927,2442,1.97
210027,2437,1.96
210127,2430,1.96
210227,2434,1.96
210327,2443,1.97
210427,2435,1.96
210527,2435,1.96
210627,2439,1.97
210727,2444,1.97
210827,2443,1.97
210927,2445,1.97
211027,2443,1.97
211127,2437,1.96
211227,2433,1.96
211327,2447,1.97
211427,2444,1.97
211527,2438,1.96
211627,2440,1.97
211727,2441,1.97
211827,2431,1.96
211927,2439,1.97
212027,2432,1.96
212127,2422,1.95
212227,2433,1.96
212327,2435,1.96
212427,2437,1.96
212527,2451,1.98
212627,2442,1.97
212727,2433,1.96
212827,2431,1.96
212927,2441,1.97
213027,2452,1.98
213127,2444,1.97
213227,2437,1.96
213327,2439,1.97
213427,2433,1.96
213527,2437,1.96
213627,2436,1.96
213727,2402,1.94
213827,2442,1.97
213927,2442,1.97
214027,2439,1.97
214127,2437,1.96
214227,2443,1.97
214327,2447,1.97
214427,2447,1.97
214527,2437,1.96
214627,2437,1.96
214727,2434,1.96
214827,2438,1.96
214927,2438,1.96
215027,2431,1.96
215127,2437,1.96
215227,2439,1.97
215327,2445,1.97
215427,2437,1.96
215527,2454,1.98
215627,2447,1.97
215727,2444,1.97
215827,2448,1.97
215927,2448,1.97
216027,2435,1.96
216127,2433,1.96
216227,2437,1.96
216327,2432,1.96
216427,2439,1.97
216527,2439,1.97
216627,2446,1.97
216727,2437,1.96
216827,2439,1.97
216927,2445,1.97
217027,2426,1.96
217127,2443,1.97
217227,2432,1.96
217327,2441,1.97
217427,2442,1.97
217527,2435,1.96
217627,2435,1.96
217727,2435,1.96
217827,2433,1.96
217927,2423,1.95
218027,2437,1.96
218127,2439,1.97
218227,2443,1.97
218327,2438,1.96
218427,2435,1.96
218527,2436,1.96
218627,2432,1.96
218727,2427,1.96
218827,2452,1.98
218927,2432,1.96
219027,2431,1.96
219127,2441,1.97
219227,2439,1.97
219327,2439,1.97
219427,2441,1.97
219527,2459,1.98
219627,2420,1.95
219727,2435,1.96
219827,2437,1.96
219927,2432,1.96
220027,2438,1.96
220127,2448,1.97
220227,2441,1.97
220327,2431,1.96
220427,2454,1.98
220527,2434,1.96
220627,2433,1.96
220727,2430,1.96
220827,2442,1.97
220927,2433,1.96
221027,2429,1.96
221127,2438,1.96
221227,2442,1.97
221327,2435,1.96
221427,2435,1.96
221527,2443,1.97
221627,2447,1.97
221727,2437,1.96
221827,2434,1.96
221927,2438,1.96
222027,2438,1.96
222127,2433,1.96
222227,2435,1.96
222327,2446,1.97
222427,2441,1.97
222527,2439,1.97
222627,2437,1.96
222727,2434,1.96
222827,2431,1.96
222927,2437,1.96
223027,2447,1.97
223127,2416,1.95
223227,2421,1.95
223327,2437,1.96
223427,2443,1.97
223527,2441,1.97
223627,2441,1.97
223727,2433,1.96
223827,2443,1.97
223927,2429,1.96
224027,2454,1.98
224127,2441,1.97
224227,2435,1.96
224327,2436,1.96
224427,2435,1.96
224527,2437,1.96
224627,2435,1.96
224727,2433,1.96
224827,2423,1.95
224927,2448,1.97
225027,2438,1.96
225127,2448,1.97
225227,2443,1.97
225327,2439,1.97
225427,2432,1.96
225527,2433,1.96
225627,2441,1.97
225727,2435,1.96
225827,2432,1.96
225927,2433,1.96
226027,2432,1.96
226127,2433,1.96
226227,2435,1.96
226327,2435,1.96
226427,2442,1.97
226527,2435,1.96
226627,2437,1.96
226727,2448,1.97
226827,2439,1.97
226927,2441,1.97
227027,2445,1.97
227127,2433,1.96
227227,2433,1.96
227327,2438,1.96
227427,2438,1.96
227527,2463,1.98
227627,2434,1.96
227727,2442,1.97
227827,2442,1.97
227927,2434,1.96
228027,2432,1.96
228127,2439,1.97
228227,2441,1.97
228327,2432,1.96
228427,2426,1.96
228527,2445,1.97
228627,2439,1.97
228727,2435,1.96
228827,2442,1.97
228927,2443,1.97
229027,2445,1.97
229127,2443,1.97
229227,2432,1.96
229327,2439,1.97
229427,2435,1.96
229527,2426,1.96
229627,2447,1.97
229727,2443,1.97
229827,2433,1.96
229927,2437,1.96
230027,2438,1.96
230127,2437,1.96
230227,2429,1.96
230327,2431,1.96
230427,2447,1.97
230527,2433,1.96
230627,2437,1.96
230727,2448,1.97
230827,2434,1.96
230927,2432,1.96
231027,2438,1.96
231127,2445,1.97
231227,2435,1.96
231327,2439,1.97
231427,2437,1.96
231527,2448,1.97
231627,2440,1.97
231727,2445,1.97
231827,2435,1.96
231927,2435,1.96
232027,2453,1.98
232127,2419,1.95
232227,2446,1.97
232327,2435,1.96
232427,2432,1.96
232527,2432,1.96
232627,2434,1.96
232727,2444,1.97
232827,2416,1.95
232927,2432,1.96
233027,2438,1.96
233127,2441,1.97
233227,2434,1.96
233327,2445,1.97
233427,2443,1.97
233527,2431,1.96
233627,2435,1.96
233727,2445,1.97
233827,2448,1.97
233927,2435,1.96
234027,2436,1.96
234127,2442,1.97
234227,2435,1.96
234327,2443,1.97
234427,2436,1.96
234527,2441,1.97
234627,2435,1.96
234727,2437,1.96
234827,2443,1.97
234927,2439,1.97
235027,2442,1.97
235127,2446,1.97
235227,2445,1.97
235327,2434,1.96
235427,2431,1.96
235527,2440,1.97
235627,2441,1.97
235727,2427,1.96
235827,2432,1.96
235927,2444,1.97
236027,2433,1.96
236127,2447,1.97
236227,2435,1.96
236327,2436,1.96
236427,2437,1.96
236527,2447,1.97
236627,2438,1.96
236727,2445,1.97
236827,2444,1.97
236927,2448,1.97
237027,2450,1.97
237127,2442,1.97
237227,2437,1.96
237327,2442,1.97
237427,2435,1.96
237527,2432,1.96
237627,2433,1.96
237727,2433,1.96
237827,2431,1.96
237927,2428,1.96
238027,2443,1.97
238127,2447,1.97
238227,2434,1.96
238327,2429,1.96
238427,2441,1.97
238527,2432,1.96
238627,2448,1.97
238727,2439,1.97
238827,2435,1.96
238927,2433,1.96
239027,2438,1.96
239127,2442,1.97
239227,2436,1.96
239327,2446,1.97
239427,2432,1.96
239527,2448,1.97
239627,2437,1.96
239727,2446,1.97
239827,2434,1.96
239927,2445,1.97
240027,2433,1.96
240127,2438,1.96
240227,2438,1.96
240327,2432,1.96
240427,2455,1.98
240527,2437,1.96
240627,2445,1.97
240727,2439,1.97
240827,2437,1.96
240927,2435,1.96
241027,2433,1.96
241127,2432,1.96
241227,2438,1.96
241327,2433,1.96
241427,2436,1.96
241527,2446,1.97
241627,2445,1.97
241727,2437,1.96
241827,2438,1.96
241927,2435,1.96
242027,2441,1.97
242127,2447,1.97
242227,2432,1.96
242327,2435,1.96
242427,2446,1.97
242527,2437,1.96
242627,2432,1.96
242727,2437,1.96
242827,2442,1.97
242927,2433,1.96
243027,2436,1.96
243127,2455,1.98
243227,2448,1.97
243327,2435,1.96
243427,2435,1.96
243527,2442,1.97
243627,2445,1.97
243727,2438,1.96
243827,2447,1.97
243927,2443,1.97
244027,2417,1.95
244127,2445,1.97
244227,2443,1.97
244327,2433,1.96
244427,2436,1.96
244527,2432,1.96
244627,2437,1.96
244727,2433,1.96
244827,2431,1.96
244927,2417,1.95
245027,2439,1.97
245127,2441,1.97
245227,2434,1.96
245327,2431,1.96
245427,2444,1.97
245527,2445,1.97
245627,2435,1.96
245727,2439,1.97
245827,2431,1.96
245927,2435,1.96
246027,2434,1.96
246127,2439,1.97
246227,2442,1.97
246327,2437,1.96
246427,2434,1.96
246527,2438,1.96
246627,2437,1.96
246727,2439,1.97
246827,2431,1.96
246927,2435,1.96
247027,2439,1.97
247127,2433,1.96
247227,2437,1.96
247327,2431,1.96
247427,2430,1.96
247527,2434,1.96
247627,2438,1.96
247727,2439,1.97
247827,2438,1.96
247927,2432,1.96
248027,2441,1.97
248127,2442,1.97
248227,2434,1.96
248327,2438,1.96
248427,2433,1.96
248527,2433,1.96
248627,2437,1.96
248727,2438,1.96
248827,2436,1.96
248927,2443,1.97
249027,2431,1.96
249127,2448,1.97
249227,2441,1.97
249327,2439,1.97
249427,2445,1.97
249527,2439,1.97
249627,2436,1.96
249727,2432,1.96
249827,2438,1.96
249927,2433,1.96
250027,2431,1.96
250127,2436,1.96
250227,2442,1.97
250327,2437,1.96
250427,2441,1.97
250527,2435,1.96
250627,2432,1.96
250727,2419,1.95
250827,2435,1.96
250927,2445,1.97
251027,2435,1.96
251127,2443,1.97
251227,2439,1.97
251327,2434,1.96
251427,2437,1.96
251527,2433,1.96
251627,2435,1.96
251727,2438,1.96
251827,2437,1.96
251927,2446,1.97
252027,2448,1.97
252127,2445,1.97
252227,2433,1.96
252327,2445,1.97
252427,2433,1.96
252527,2429,1.96
252627,2437,1.96
252727,2433,1.96
252827,2431,1.96
252927,2434,1.96
253027,2437,1.96
253127,2435,1.96
253227,2443,1.97
253327,2441,1.97
253427,2439,1.97
253527,2439,1.97
253627,2445,1.97
253727,2439,1.97
253827,2441,1.97
253927,2435,1.96
254027,2439,1.97
254127,2427,1.96
254227,2436,1.96
254327,2439,1.97
254427,2449,1.97
254527,2443,1.97
254627,2428,1.96
254727,2427,1.96
254827,2444,1.97
254927,2464,1.99
255027,2473,1.99
255127,2514,2.03
255227,2589,2.09
255327,2655,2.14
255427,2736,2.2
255527,2830,2.28
255627,2943,2.37
255727,3057,2.46
255827,3175,2.56
255927,3330,2.68
256027,3495,2.82
256127,3647,2.94
256227,3795,3.06
256327,3935,3.17
256427,4057,3.27
256527,4095,3.3
256627,4095,3.3
256727,4095,3.3
256827,4095,3.3
256927,4095,3.3
257027,4095,3.3
257127,4095,3.3
257227,4095,3.3
257327,4095,3.3
257427,4095,3.3
257527,4095,3.3
257627,4095,3.3
257727,4095,3.3
257827,4095,3.3
257927,4095,3.3
258027,4095,3.3
258127,4095,3.3
258227,4095,3.3
258327,3955,3.19
258427,3739,3.01
258527,3526,2.84
258627,3351,2.7
258727,3185,2.57
258827,3053,2.46
258927,2950,2.38
259027,2835,2.28
259127,2720,2.19
259227,2631,2.12
259327,2559,2.06
259427,2477,2.0
259527,2421,1.95
259627,2365,1.91
259727,2355,1.9
259827,2358,1.9
259927,2363,1.9
260027,2388,1.92
260127,2445,1.97
260227,2506,2.02
260327,2618,2.11
260427,2710,2.18
260527,2875,2.32
260627,3024,2.44
260727,3210,2.59
260827,3389,2.73
260927,3597,2.9
261027,3812,3.07
261127,4006,3.23
261227,4095,3.3
261327,4095,3.3
261427,4095,3.3
261527,4095,3.3
261627,4095,3.3
261727,4095,3.3
261827,4095,3.3
261927,4095,3.3
262027,4095,3.3
262127,4095,3.3
262227,4095,3.3
262327,4095,3.3
262427,3931,3.17
262527,3562,2.87
262627,3280,2.64
262727,3025,2.44
262827,2802,2.26
262927,2607,2.1
263027,2435,1.96
263127,2321,1.87
263227,2181,1.76
263327,2114,1.7
263427,2045,1.65
263527,1979,1.59
263627,1983,1.6
263727,1973,1.59
263827,1967,1.59
263927,1977,1.59
264027,1969,1.59
264127,1966,1.58
264227,1899,1.53
264327,1705,1.37
264427,1486,1.2
264527,1235,1.0
264627,986,0.79
264727,746,0.6
264827,527,0.42
264927,327,0.26
265027,150,0.12
265127,0,0.0
265227,0,0.0
265327,0,0.0
265427,0,0.0
265527,0,0.0
265627,0,0.0
265727,0,0.0
265827,0,0.0
265927,0,0.0
266027,0,0.0
266127,25,0.02
266227,244,0.2
266327,461,0.37
266427,656,0.53
266527,919,0.74
266627,1179,0.95
266727,1385,1.12
266827,1535,1.24
266927,1719,1.39
267027,1887,1.52
267127,2006,1.62
267227,2112,1.7
267327,2245,1.81
267427,2353,1.9
267527,2447,1.97
267627,2514,2.03
267727,2604,2.1
267827,2650,2.14
267927,2691,2.17
268027,2735,2.2
268127,2759,2.22
268227,2756,2.22
268327,2710,2.18
268427,2615,2.11
268527,2467,1.99
268627,2287,1.84
268727,2086,1.68
268827,1868,1.51
268927,1621,1.31
269027,1377,1.11
269127,1140,0.92
269227,887,0.71
269327,682,0.55
269427,462,0.37
269527,240,0.19
269627,80,0.06
269727,0,0.0
269827,0,0.0
269927,0,0.0
270027,0,0.0
270127,0,0.0
270227,0,0.0
270327,0,0.0
270427,0,0.0
270527,0,0.0
270627,14,0.01
270727,208,0.17
270827,413,0.33
270927,655,0.53
271027,896,0.72
271127,1174,0.95
271227,1411,1.14
271327,1617,1.3
271427,1823,1.47
271527,2022,1.63
271627,2142,1.73
271727,2246,1.81
271827,2325,1.87
271927,2429,1.96
272027,2498,2.01
272127,2559,2.06
272227,2626,2.12
272327,2634,2.12
272427,2643,2.13
272527,2494,2.01
272627,2328,1.88
272727,2135,1.72
272827,1903,1.53
272927,1669,1.34
273027,1427,1.15
273127,1171,0.94
273227,907,0.73
273327,655,0.53
273427,448,0.36
273527,248,0.2
273627,83,0.07
273727,0,0.0
273827,0,0.0
273927,0,0.0
274027,0,0.0
274127,0,0.0
274227,0,0.0
274327,0,0.0
274427,0,0.0
274527,0,0.0
274627,0,0.0
274727,0,0.0
274827,0,0.0
274927,48,0.04
275027,246,0.2
275127,452,0.36
275227,688,0.55
275327,914,0.74
275427,1151,0.93
275527,1386,1.12
275627,1581,1.27
275727,1782,1.44
275827,1962,1.58
275927,2128,1.71
276027,2241,1.81
276127,2350,1.89
276227,2448,1.97
276327,2525,2.03
276427,2602,2.1
276527,2625,2.12
276627,2609,2.1
276727,2453,1.98
276827,2234,1.8
276927,1974,1.59
277027,1703,1.37
277127,1405,1.13
277227,1103,0.89
277327,816,0.66
277427,586,0.47
277527,369,0.3
277627,177,0.14
277727,18,0.01
277827,0,0.0
277927,0,0.0
278027,0,0.0
278127,0,0.0
278227,0,0.0
278327,0,0.0
278427,0,0.0
278527,0,0.0
278627,0,0.0
278727,0,0.0
278827,0,0.0
278927,179,0.14
279027,386,0.31
279127,631,0.51
279227,906,0.73
279327,1156,0.93
279427,1408,1.13
279527,1626,1.31
279627,1841,1.48
279727,2032,1.64
279827,2209,1.78
279927,2338,1.88
280027,2439,1.97
280127,2512,2.02
280227,2586,2.08
280327,2599,2.09
280427,2582,2.08
280527,2466,1.99
280627,2277,1.83
280727,2041,1.64
280827,1786,1.44
280927,1505,1.21
281027,1218,0.98
281127,915,0.74
281227,642,0.52
281327,384,0.31
281427,194,0.16
281527,10,0.01
281627,0,0.0
281727,0,0.0
281827,0,0.0
281927,0,0.0
282027,0,0.0
282127,176,0.14
282227,335,0.27
282327,534,0.43
282427,762,0.61
282527,1008,0.81
282627,1243,1.0
282727,1451,1.17
282827,1649,1.33
282927,1808,1.46
283027,1968,1.59
283127,2107,1.7
283227,2228,1.8
283327,2319,1.87
283427,2383,1.92
283527,2370,1.91
283627,2367,1.91
283727,2355,1.9
283827,2257,1.82
283927,2071,1.67
284027,1846,1.49
284127,1612,1.3
284227,1360,1.1
284327,1085,0.87
284427,790,0.64
284527,527,0.42
284627,230,0.19
284727,0,0.0
284827,0,0.0
284927,0,0.0
285027,0,0.0
285127,0,0.0
285227,0,0.0
285327,0,0.0
285427,0,0.0
285527,64,0.05
285627,301,0.24
285727,560,0.45
285827,832,0.67
285927,1139,0.92
286027,1460,1.18
286127,1712,1.38
286227,1968,1.59
286327,2195,1.77
286427,2357,1.9
286527,2506,2.02
286627,2587,2.08
286727,2583,2.08
286827,2587,2.08
286927,2559,2.06
287027,2559,2.06
287127,2559,2.06
287227,2555,2.06
287327,2559,2.06
287427,2623,2.11
287527,2813,2.27
287627,3056,2.46
287727,3367,2.71
287827,3728,3.0
287927,4073,3.28
288027,4095,3.3
288127,4095,3.3
288227,4095,3.3
288327,4095,3.3
288427,4095,3.3
288527,4095,3.3
288627,3679,2.96
288727,3312,2.67
288827,3014,2.43
288927,2760,2.22
289027,2539,2.05
289127,2382,1.92
289227,2287,1.84
289327,2217,1.79
289427,2221,1.79
289527,2272,1.83
289627,2405,1.94
289727,2588,2.09
289827,2829,2.28
289927,3055,2.46
290027,3315,2.67
290127,3613,2.91
290227,3917,3.16
290327,4095,3.3
290427,4095,3.3
290527,3875,3.12
290627,3583,2.89
290727,3502,2.82
290827,3519,2.84
290927,3510,2.83
291027,3519,2.84
291127,3515,2.83
291227,3523,2.84
291327,3505,2.82
291427,3521,2.84
291527,3510,2.83
291627,3511,2.83
291727,3504,2.82
291827,3520,2.84
291927,3513,2.83
292027,3504,2.82
292127,3507,2.83
292227,3471,2.8
292327,3504,2.82
292427,3495,2.82
292527,3507,2.83
292627,3510,2.83
292727,3504,2.82
292827,3507,2.83
292927,3515,2.83
293027,3504,2.82
293127,3514,2.83
293227,3509,2.83
293327,3505,2.82
293427,3527,2.84
293527,3509,2.83
293627,3511,2.83
293727,3504,2.82
293827,3504,2.82
293927,3505,2.82
294027,3513,2.83
294127,3509,2.83
294227,3511,2.83
294327,3490,2.81
294427,3519,2.84
294527,3502,2.82
294627,3504,2.82
294727,3505,2.82
294827,3509,2.83
294927,3509,2.83
295027,3510,2.83
295127,3504,2.82
295227,3486,2.81
295327,3516,2.83
295427,3511,2.83
295527,3509,2.83
295627,3503,2.82
295727,3503,2.82
295827,3490,2.81
295927,3530,2.84
296027,3504,2.82
296127,3504,2.82
296227,3504,2.82
296327,3501,2.82
296427,3514,2.83
296527,3511,2.83
296627,3511,2.83
296727,3514,2.83
296827,3510,2.83
296927,3504,2.82
297027,3504,2.82
297127,3504,2.82
297227,3515,2.83
297327,3504,2.82
297427,3507,2.83
297527,3508,2.83
297627,3509,2.83
297727,3498,2.82
297827,3510,2.83
297927,3504,2.82
298027,3509,2.83
298127,3509,2.83
298227,3509,2.83
298327,3516,2.83
298427,3526,2.84
298527,3518,2.84
298627,3504,2.82
298727,3510,2.83
298827,3503,2.82
298927,3495,2.82
299027,3493,2.81
299127,3514,2.83
299227,3502,2.82
299327,3534,2.85
299427,3506,2.83
299527,3513,2.83
299627,3513,2.83
299727,3504,2.82
299827,3502,2.82
299927,3503,2.82
300027,3504,2.82
300127,3504,2.82
300227,3507,2.83
300327,3513,2.83
300427,3510,2.83
300527,3504,2.82
300627,3505,2.82
300727,3507,2.83
300827,3499,2.82
300927,3507,2.83
301027,3539,2.85
301127,3495,2.82
301227,3504,2.82
301327,3504,2.82
301427,3510,2.83
301527,3504,2.82
301627,3509,2.83
301727,3504,2.82
301827,3504,2.82
301927,3499,2.82
302027,3494,2.82
302127,3504,2.82
302227,3513,2.83
302327,3507,2.83
302427,3505,2.82
302527,3506,2.83
302627,3506,2.83
302727,3509,2.83
302827,3492,2.81
302927,3506,2.83
303027,3504,2.82
303127,3501,2.82
303227,3510,2.83
303327,3504,2.82
303427,3493,2.81
303527,3505,2.82
303627,3506,2.83
303727,3506,2.83
303827,3504,2.82
303927,3507,2.83
304027,3505,2.82
304127,3511,2.83
304227,3519,2.84
304327,3513,2.83
304427,3500,2.82
304527,3510,2.83
304627,3505,2.82
304727,3495,2.82
304827,3501,2.82
304927,3515,2.83
305027,3505,2.82
305127,3511,2.83
305227,3504,2.82
305327,3504,2.82
305427,3461,2.79
305527,3487,2.81
305627,3505,2.82
305727,3519,2.84
305827,3494,2.82
305927,3499,2.82
306027,3514,2.83
306127,3507,2.83
306227,3521,2.84
306327,3522,2.84
306427,3513,2.83
306527,3511,2.83
306627,3515,2.83
306727,3504,2.82
306827,3504,2.82
306927,3503,2.82
307027,3509,2.83
307127,3487,2.81
307227,3487,2.81
307327,3505,2.82
307427,3513,2.83
307527,3513,2.83
307627,3498,2.82
307727,3507,2.83
307827,3504,2.82
307927,3501,2.82
308027,3503,2.82
308127,3507,2.83
308227,3511,2.83
308327,3508,2.83
308427,3505,2.82
308527,3498,2.82
308627,3509,2.83
308727,3504,2.82
308827,3514,2.83
308927,3507,2.83
309027,3511,2.83
309127,3504,2.82
309227,3507,2.83
309327,3504,2.82
309427,3497,2.82
309527,3504,2.82
309627,3524,2.84
309727,3504,2.82
309827,3511,2.83
309927,3510,2.83
310027,3517,2.83
310127,3508,2.83
310227,3516,2.83
310327,3507,2.83
310427,3543,2.86
310527,3499,2.82
310627,3504,2.82
310727,3507,2.83
310827,3514,2.83
310927,3505,2.82
311027,3513,2.83
311127,3510,2.83
311227,3502,2.82
311327,3504,2.82
311427,3507,2.83
311527,3507,2.83
311627,3503,2.82
311727,3508,2.83
311827,3511,2.83
311927,3510,2.83
312027,3513,2.83
312127,3473,2.8
312227,3473,2.8
312327,3517,2.83
312427,3504,2.82
312527,3504,2.82
312627,3511,2.83
312727,3499,2.82
312827,3507,2.83
312927,3514,2.83
313027,3529,2.84
313127,3519,2.84
313227,3510,2.83
313327,3511,2.83
313427,3511,2.83
313527,3503,2.82
313627,3519,2.84
313727,3501,2.82
313827,3504,2.82
313927,3503,2.82
314027,3515,2.83
314127,3514,2.83
314227,3504,2.82
314327,3515,2.83
314427,3521,2.84
314527,3498,2.82
314627,3516,2.83
314727,3488,2.81
314827,3504,2.82
314927,3508,2.83
315027,3501,2.82
315127,3510,2.83
315227,3510,2.83
315327,3506,2.83
315427,3511,2.83
315527,3526,2.84
315627,3507,2.83
315727,3504,2.82
315827,3504,2.82
315927,3504,2.82
316027,3517,2.83
316127,3505,2.82
316227,3506,2.83
316327,3525,2.84
316427,3510,2.83
316527,3509,2.83
316627,3513,2.83
316727,3507,2.83
316827,3509,2.83
316927,3505,2.82
317027,3497,2.82
317127,3507,2.83
317227,3503,2.82
317327,3504,2.82
317427,3497,2.82
317527,3520,2.84
317627,3520,2.84
317727,3504,2.82
317827,3511,2.83
317927,3507,2.83
318027,3504,2.82
318127,3509,2.83
318227,3494,2.82
318327,3497,2.82
318427,3504,2.82
318527,3510,2.83
318627,3518,2.84
318727,3516,2.83
318827,3490,2.81
318927,3495,2.82
319027,3518,2.84
319127,3495,2.82
319227,3509,2.83
319327,3502,2.82
319427,3497,2.82
319527,3504,2.82
319627,3494,2.82
319727,3505,2.82
319827,3509,2.83
319927,3495,2.82
320027,3520,2.84
320127,3509,2.83
320227,3502,2.82
320327,3501,2.82
320427,3505,2.82
320527,3519,2.84
320627,3518,2.84
320727,3503,2.82
320827,3509,2.83
320927,3508,2.83
321027,3502,2.82
321127,3501,2.82
321227,3503,2.82
321327,3511,2.83
321427,3495,2.82
321527,3498,2.82
321627,3509,2.83
321727,3517,2.83
321827,3510,2.83
321927,3507,2.83
322027,3508,2.83
322127,3503,2.82
322227,3516,2.83
322327,3508,2.83
322427,3504,2.82
322527,3503,2.82
322627,3477,2.8
322727,3514,2.83
322827,3505,2.82
322927,3505,2.82
323027,3504,2.82
323127,3507,2.83
323227,3515,2.83
323327,3507,2.83
323427,3502,2.82
323527,3504,2.82
323627,3505,2.82
323727,3510,2.83
323827,3507,2.83
323927,3503,2.82
324027,3515,2.83
324127,3510,2.83
324227,3511,2.83
324327,3527,2.84
324427,3510,2.83
324527,3509,2.83
324627,3521,2.84
324727,3505,2.82
324827,3505,2.82
324927,3504,2.82
325027,3501,2.82
325127,3511,2.83
325227,3506,2.83
325327,3504,2.82
325427,3501,2.82
325527,3515,2.83
325627,3503,2.82
325727,3519,2.84
325827,3494,2.82
325927,3517,2.83
326027,3516,2.83
326127,3510,2.83
326227,3511,2.83
326327,3475,2.8
326427,3482,2.81
326527,3520,2.84
326627,3503,2.82
326727,3501,2.82
326827,3519,2.84
326927,3511,2.83
327027,3498,2.82
327127,3425,2.76
327227,3491,2.81
327327,3504,2.82
327427,3519,2.84
327527,3505,2.82
327627,3510,2.83
327727,3518,2.84
327827,3507,2.83
327927,3515,2.83
328027,3492,2.81
328127,3507,2.83
328227,3513,2.83
328327,3508,2.83
328427,3510,2.83
328527,3504,2.82
328627,3513,2.83
328727,3510,2.83
328827,3524,2.84
328927,3531,2.85
329027,3494,2.82
329127,3503,2.82
329227,3506,2.83
329327,3510,2.83
329427,3514,2.83
329527,3504,2.82
329627,3629,2.92
329727,3499,2.82
329827,3522,2.84
329927,3511,2.83
330027,3509,2.83
330127,3509,2.83
330227,3510,2.83
330327,3510,2.83
330427,3520,2.84
330527,3505,2.82
330627,3504,2.82
330727,3504,2.82
330827,3515,2.83
330927,3506,2.83
331027,3511,2.83
331127,3504,2.82
331227,3510,2.83
331327,3533,2.85
331427,3536,2.85
331527,3504,2.82
331627,3504,2.82
331727,3507,2.83
331827,3503,2.82
331927,3510,2.83
332027,3504,2.82
332127,3471,2.8
332227,3510,2.83
332327,3517,2.83
332427,3511,2.83
332527,3517,2.83
332627,3514,2.83
332727,3505,2.82
332827,3509,2.83
332927,3502,2.82
333027,3514,2.83
333127,3509,2.83
333227,3515,2.83
333327,3507,2.83
333427,3504,2.82
333527,3506,2.83
333627,3507,2.83
333727,3506,2.83
333827,3504,2.82
333927,3500,2.82
334027,3504,2.82
334127,3518,2.84
334227,3521,2.84
334327,3504,2.82
334427,3519,2.84
334527,3505,2.82
334627,3537,2.85
334727,3504,2.82
334827,3504,2.82
334927,3504,2.82
335027,3519,2.84
335127,3507,2.83
335227,3504,2.82
335327,3510,2.83
335427,3506,2.83
335527,3503,2.82
335627,3505,2.82
335727,3525,2.84
335827,3517,2.83
335927,3510,2.83
336027,3507,2.83
336127,3506,2.83
336227,3511,2.83
336327,3527,2.84
336427,3519,2.84
336527,3514,2.83
336627,3508,2.83
336727,3504,2.82
336827,3520,2.84
336927,3510,2.83
337027,3505,2.82
337127,3507,2.83
337227,3506,2.83
337327,3511,2.83
337427,3501,2.82
337527,3467,2.79
337627,3485,2.81
337727,3506,2.83
337827,3504,2.82
337927,3505,2.82
338027,3495,2.82
338127,3503,2.82
338227,3506,2.83
338327,3501,2.82
338427,3495,2.82
338527,3504,2.82
338627,3511,2.83
338727,3505,2.82
338827,3504,2.82
338927,3509,2.83
339027,3506,2.83
339127,3517,2.83
339227,3522,2.84
339327,3522,2.84
339427,3520,2.84
339527,3511,2.83
339627,3504,2.82
339727,3511,2.83
339827,3517,2.83
339927,3515,2.83
340027,3515,2.83
340127,3477,2.8
340227,3521,2.84
340327,3522,2.84
340427,3507,2.83
340527,3507,2.83
340627,3511,2.83
340727,3507,2.83
340827,3527,2.84
340927,3510,2.83
341027,3523,2.84
341127,3504,2.82
341227,3520,2.84
341327,3525,2.84
341427,3517,2.83
341527,3504,2.82
341627,3517,2.83
341727,3509,2.83
341827,3517,2.83
341927,3517,2.83
342027,3501,2.82
342127,3505,2.82
342227,3517,2.83
342327,3511,2.83
342427,3515,2.83
342527,3479,2.8
342627,3534,2.85
342727,3503,2.82
342827,3515,2.83
342927,3521,2.84
343027,3507,2.83
343127,3511,2.83
343227,3509,2.83
343327,3517,2.83
343427,3522,2.84
343527,3521,2.84
343627,3502,2.82
343727,3505,2.82
343827,3502,2.82
343927,3519,2.84
344027,3509,2.83
344127,3502,2.82
344227,3536,2.85
344327,3519,2.84
344427,3499,2.82
344527,3505,2.82
344627,3517,2.83
344727,3510,2.83
344827,3504,2.82
344927,3500,2.82
345027,3518,2.84
345127,3502,2.82
345227,3505,2.82
345327,3505,2.82
345427,3505,2.82
345527,3504,2.82
345627,3515,2.83
345727,3517,2.83
345827,3537,2.85
345927,3520,2.84
346027,3504,2.82
346127,3517,2.83
346227,3504,2.82
346327,3496,2.82
346427,3522,2.84
346527,3515,2.83
346627,3499,2.82
346727,3505,2.82
346827,3513,2.83
346927,3507,2.83
347027,3501,2.82
347127,3518,2.84
347227,3511,2.83
347327,3507,2.83
347427,3514,2.83
347527,3493,2.81
347627,3554,2.86
347727,3510,2.83
347827,3503,2.82
347927,3509,2.83
348027,3501,2.82
348127,3517,2.83
348227,3511,2.83
348327,3538,2.85
348427,3492,2.81
348527,3504,2.82
348627,3505,2.82
348727,3513,2.83
348827,3504,2.82
348927,3506,2.83
349027,3511,2.83
349127,3511,2.83
349227,3497,2.82
349327,3517,2.83
349427,3535,2.85
349527,3519,2.84
349627,3496,2.82
349727,3515,2.83
349827,3507,2.83
349927,3504,2.82
350027,3504,2.82
350127,3504,2.82
350227,3522,2.84
350327,3511,2.83
350427,3497,2.82
350527,3509,2.83
350627,3506,2.83
350727,3504,2.82
350827,3495,2.82
350927,3504,2.82
351027,3503,2.82
351127,3495,2.82
351227,3490,2.81
351327,3513,2.83
351427,3517,2.83
351527,3504,2.82
351627,3502,2.82
351727,3511,2.83
351827,3499,2.82
351927,3523,2.84
352027,3520,2.84
352127,3499,2.82
352227,3505,2.82
352327,3507,2.83
352427,3501,2.82
352527,3510,2.83
352627,3510,2.83
352727,3494,2.82
352827,3507,2.83
352927,3508,2.83
353027,3533,2.85
353127,3515,2.83
353227,3519,2.84
353327,3504,2.82
353427,3510,2.83
353527,3510,2.83
353627,3504,2.82
353727,3511,2.83
353827,3504,2.82
353927,3510,2.83
354027,3509,2.83
354127,3498,2.82
354227,3505,2.82
354327,3504,2.82
354427,3507,2.83
354527,3505,2.82
354627,3513,2.83
354727,3517,2.83
354827,3495,2.82
354927,3509,2.83
355027,3523,2.84
355127,3506,2.83
355227,3520,2.84
355327,3495,2.82
355427,3519,2.84
355527,3550,2.86
355627,3504,2.82
355727,3513,2.83
355827,3511,2.83
355927,3518,2.84
356027,3515,2.83
356127,3496,2.82
356227,3511,2.83
356327,3504,2.82
356427,3491,2.81
356527,3513,2.83
356627,3505,2.82
356727,3513,2.83
356827,3507,2.83
356927,3511,2.83
357027,3506,2.83
357127,3504,2.82
357227,3505,2.82
357327,3505,2.82
357427,3504,2.82
357527,3502,2.82
357627,3487,2.81
357727,3518,2.84
357827,3524,2.84
357927,3508,2.83
358027,3503,2.82
358127,3508,2.83
358227,3507,2.83
358327,3510,2.83
358427,3505,2.82
358527,3508,2.83
358627,3516,2.83
358727,3509,2.83
358827,3509,2.83
358927,3504,2.82
359027,3513,2.83
359127,3507,2.83
359227,3518,2.84
359327,3495,2.82
359427,3503,2.82
359527,3505,2.82
359627,3514,2.83
359727,3505,2.82
359827,3504,2.82
359927,3525,2.84
360027,3509,2.83
360127,3493,2.81
360227,3517,2.83
360327,3503,2.82
360427,3513,2.83
360527,3514,2.83
360627,3507,2.83
360727,3515,2.83
360827,3511,2.83
360927,3524,2.84
361027,3514,2.83
361127,3503,2.82
361227,3504,2.82
361327,3514,2.83
361427,3511,2.83
361527,3515,2.83
361627,3505,2.82
361727,3510,2.83
361827,3489,2.81
361927,3510,2.83
362027,3502,2.82
362127,3513,2.83
362227,3511,2.83
362327,3518,2.84
362427,3511,2.83
362527,3517,2.83
362627,3490,2.81
362727,3495,2.82
362827,3502,2.82
362927,3513,2.83
363027,3502,2.82
363127,3510,2.83
363227,3519,2.84
363327,3513,2.83
363427,3507,2.83
363527,3520,2.84
363627,3503,2.82
363727,3508,2.83
363827,3513,2.83
363927,3515,2.83
364027,3511,2.83
364127,3517,2.83
364227,3517,2.83
364327,3511,2.83
364427,3499,2.82
364527,3509,2.83
364627,3517,2.83
364727,3506,2.83
364827,3507,2.83
364927,3526,2.84
365027,3466,2.79
365127,3517,2.83
365227,3520,2.84
365327,3513,2.83
365427,3519,2.84
365527,3521,2.84
365627,3509,2.83
365727,3515,2.83
365827,3507,2.83
365927,3509,2.83
366027,3500,2.82
366127,3521,2.84
366227,3504,2.82
366327,3517,2.83
366427,3510,2.83
366527,3502,2.82
366627,3520,2.84
366727,3509,2.83
366827,3515,2.83
366927,3516,2.83
367027,3523,2.84
367127,3505,2.82
367227,3518,2.84
367327,3515,2.83
367427,3508,2.83
367527,3506,2.83
367627,3507,2.83
367727,3513,2.83
367827,3503,2.82
367927,3504,2.82
368027,3499,2.82
368127,3514,2.83
368227,3509,2.83
368327,3507,2.83
368427,3494,2.82
368527,3527,2.84
368627,3512,2.83
368727,3510,2.83
368827,3519,2.84
368927,3507,2.83
369027,3500,2.82
369127,3509,2.83
369227,3504,2.82
369327,3504,2.82
369427,3515,2.83
369527,3511,2.83
369627,3511,2.83
369727,3505,2.82
369827,3514,2.83
369927,3505,2.82
370027,3513,2.83
370127,3506,2.83
370227,3515,2.83
370327,3504,2.82
370427,3504,2.82
370527,3510,2.83
370627,3516,2.83
370727,3506,2.83
370827,3522,2.84
370927,3505,2.82
371027,3515,2.83
371127,3518,2.84
371227,3514,2.83
371327,3520,2.84
371427,3504,2.82
371527,3507,2.83
371627,3503,2.82
371727,3502,2.82
371827,3508,2.83
371927,3507,2.83
372027,3518,2.84
372127,3505,2.82
372227,3520,2.84
372327,3509,2.83
372427,3502,2.82
372527,3509,2.83
372627,3514,2.83
372727,3523,2.84
372827,3506,2.83
372927,3494,2.82
373027,3514,2.83
373127,3525,2.84
373227,3513,2.83
373327,3522,2.84
373427,3514,2.83
373527,3504,2.82
373627,3504,2.82
373727,3495,2.82
373827,3508,2.83
373927,3510,2.83
374027,3504,2.82
374127,3504,2.82
374227,3505,2.82
374327,3510,2.83
374427,3509,2.83
374527,3510,2.83
374627,3493,2.81
374727,3501,2.82
374827,3504,2.82
374927,3498,2.82
375027,3514,2.83
375127,3511,2.83
375227,3514,2.83
375327,3505,2.82
375427,3486,2.81
375527,3493,2.81
375627,3509,2.83
375727,3503,2.82
375827,3520,2.84
375927,3519,2.84
376027,3507,2.83
376127,3507,2.83
376227,3511,2.83
376327,3525,2.84
376427,3506,2.83
376527,3504,2.82
376627,3510,2.83
376727,3510,2.83
376827,3506,2.83
376927,3508,2.83
377027,3501,2.82
377127,3490,2.81
377227,3506,2.83
377327,3504,2.82
377427,3506,2.83
377527,3509,2.83
377627,3501,2.82
377727,3504,2.82
377827,3514,2.83
377927,3536,2.85
378027,3504,2.82
378127,3514,2.83
378227,3506,2.83
378327,3498,2.82
378427,3504,2.82
378527,3505,2.82
378627,3504,2.82
378727,3519,2.84
378827,3504,2.82
378927,3509,2.83
379027,3510,2.83
379127,3513,2.83
379227,3516,2.83
379327,3498,2.82
379427,3513,2.83
379527,3518,2.84
379627,3506,2.83
379727,3505,2.82
379827,3519,2.84
379927,3510,2.83
380027,3525,2.84
380127,3523,2.84
380227,3513,2.83
380327,3511,2.83
380427,3538,2.85
380527,3487,2.81
380627,3511,2.83
380727,3499,2.82
380827,3511,2.83
380927,3506,2.83
381027,3519,2.84
381127,3516,2.83
381227,3502,2.82
381327,3504,2.82
381427,3519,2.84
381527,3488,2.81
381627,3481,2.81
381727,3504,2.82
381827,3515,2.83
381927,3504,2.82
382027,3502,2.82
382127,3509,2.83
382227,3506,2.83
382327,3511,2.83
382427,3505,2.82
382527,3505,2.82
382627,3504,2.82
382727,3505,2.82
382827,3504,2.82
382927,3509,2.83
383027,3521,2.84
383127,3518,2.84
383227,3500,2.82
383327,3518,2.84
383427,3507,2.83
383527,3504,2.82
383627,3499,2.82
383727,3515,2.83
383827,3511,2.83
383927,3509,2.83
384027,3556,2.87
384127,3492,2.81
384227,3502,2.82
384327,3497,2.82
384427,3513,2.83
384527,3506,2.83
384627,3503,2.82
384727,3505,2.82
384827,3509,2.83
384927,3499,2.82
385027,3487,2.81
385127,3497,2.82
385227,3491,2.81
385327,3504,2.82
385427,3486,2.81
385527,3504,2.82
385627,3506,2.83
385727,3499,2.82
385827,3531,2.85
385927,3509,2.83
386027,3499,2.82
386127,3521,2.84
386227,3505,2.82
386327,3510,2.83
386427,3503,2.82
386527,3504,2.82
386627,3516,2.83
386727,3523,2.84
386827,3484,2.81
386927,3527,2.84
387027,3519,2.84
387127,3514,2.83
387227,3511,2.83
387327,3522,2.84
387427,3504,2.82
387527,3507,2.83
387627,3443,2.77
387727,3520,2.84
387827,3511,2.83
387927,3504,2.82
388027,3504,2.82
388127,3517,2.83
388227,3507,2.83
388327,3509,2.83
388427,3509,2.83
388527,3507,2.83
388627,3516,2.83
388727,3505,2.82
388827,3520,2.84
388927,3505,2.82
389027,3509,2.83
389127,3503,2.82
389227,3506,2.83
389327,3498,2.82
389427,3506,2.83
389527,3504,2.82
389627,3504,2.82
389727,3481,2.81
389827,3498,2.82
389927,3507,2.83
390027,3518,2.84
390127,3519,2.84
390227,3507,2.83
390327,3505,2.82
390427,3519,2.84
390527,3497,2.82
390627,3486,2.81
390727,3515,2.83
390827,3523,2.84
390927,3502,2.82
391027,3504,2.82
391127,3504,2.82
391227,3507,2.83
391327,3519,2.84
391427,3503,2.82
391527,3504,2.82
391627,3501,2.82
391727,3523,2.84
391827,3504,2.82
391927,3504,2.82
392027,3504,2.82
392127,3515,2.83
392227,3513,2.83
392327,3503,2.82
392427,3509,2.83
392527,3511,2.83
392627,3509,2.83
392727,3500,2.82
392827,3510,2.83
392927,3509,2.83
393027,3527,2.84
393127,3475,2.8
393227,3508,2.83
393327,3501,2.82
393427,3506,2.83
393527,3507,2.83
393627,3491,2.81
393727,3507,2.83
393827,3412,2.75
393927,3484,2.81
394027,3510,2.83
394127,3504,2.82
394227,3497,2.82
394327,3505,2.82
394427,3510,2.83
394527,3506,2.83
394627,3515,2.83
394727,3504,2.82
394827,3513,2.83
394927,3514,2.83
395027,3513,2.83
395127,3505,2.82
395227,3517,2.83
395327,3511,2.83
395427,3511,2.83
395527,3477,2.8
395627,3485,2.81
395727,3507,2.83
395827,3513,2.83
395927,3511,2.83
396027,3513,2.83
396127,3511,2.83
396227,3500,2.82
396327,3524,2.84
396427,3504,2.82
396527,3504,2.82
396627,3506,2.83
396727,3511,2.83
396827,3504,2.82
396927,3504,2.82
397027,3499,2.82
397127,3505,2.82
397227,3538,2.85
397327,3502,2.82
397427,3519,2.84
397527,3516,2.83
397627,3514,2.83
397727,3506,2.83
397827,3500,2.82
397927,3503,2.82
398027,3523,2.84
398127,3505,2.82
398227,3504,2.82
398327,3510,2.83
398427,3505,2.82
398527,3509,2.83
398627,3504,2.82
398727,3510,2.83
398827,3518,2.84
398927,3519,2.84
399027,3513,2.83
399127,3504,2.82
399227,3504,2.82
399327,3507,2.83
399427,3502,2.82
399527,3510,2.83
399627,3507,2.83
399727,3514,2.83
399827,3501,2.82
399927,3519,2.84
400027,3514,2.83
400127,3510,2.83
400227,3519,2.84
400327,3508,2.83
400427,3507,2.83
400527,3547,2.86
400627,3519,2.84
400727,3505,2.82
400827,3519,2.84
400927,3509,2.83
401027,3509,2.83
401127,3504,2.82
401227,3510,2.83
401327,3517,2.83
401427,3503,2.82
401527,3504,2.82
401627,3504,2.82
401727,3551,2.86
401827,3503,2.82
401927,3506,2.83
402027,3518,2.84
402127,3499,2.82
402227,3508,2.83
402327,3507,2.83
402427,3519,2.84
402527,3495,2.82
402627,3536,2.85
402727,3510,2.83
402827,3513,2.83
402927,3518,2.84
403027,3521,2.84
403127,3504,2.82
403227,3515,2.83
403327,3504,2.82
403427,3505,2.82
403527,3502,2.82
403627,3498,2.82
403727,3507,2.83
403827,3511,2.83
403927,3506,2.83
404027,3517,2.83
404127,3507,2.83
404227,3511,2.83
404327,3507,2.83
404427,3507,2.83
404527,3511,2.83
404627,3505,2.82
404727,3511,2.83
404827,3507,2.83
404927,3506,2.83
405027,3520,2.84
405127,3505,2.82
405227,3503,2.82
405327,3507,2.83
405427,3507,2.83
405527,3504,2.82
405627,3503,2.82
405727,3506,2.83
405827,3510,2.83
405927,3491,2.81
406027,3504,2.82
406127,3513,2.83
406227,3505,2.82
406327,3503,2.82
406427,3503,2.82
406527,3493,2.81
406627,3514,2.83
406727,3520,2.84
406827,3517,2.83
406927,3517,2.83
407027,3510,2.83
407127,3506,2.83
407227,3507,2.83
407327,3504,2.82
407427,3495,2.82
407527,3509,2.83
407627,3486,2.81
407727,3513,2.83
407827,3508,2.83
407927,3504,2.82
408027,3509,2.83
408127,3509,2.83
408227,3504,2.82
408327,3499,2.82
408427,3557,2.87
408527,3536,2.85
408627,3505,2.82
408727,3518,2.84
408827,3510,2.83
408927,3500,2.82
409027,3490,2.81
409127,3516,2.83
409227,3530,2.84
409327,3499,2.82
409427,3511,2.83
409527,3520,2.84
409627,3511,2.83
409727,3502,2.82
409827,3506,2.83
409927,3510,2.83
410027,3511,2.83
410127,3522,2.84
410227,3503,2.82
410327,3503,2.82
410427,3510,2.83
410527,3504,2.82
410627,3504,2.82
410727,3519,2.84
410827,3505,2.82
410927,3474,2.8
411027,3520,2.84
411127,3510,2.83
411227,3522,2.84
411327,3505,2.82
411427,3505,2.82
411527,3525,2.84
411627,3509,2.83
411727,3517,2.83
411827,3497,2.82
411927,3513,2.83
412027,3502,2.82
412127,3510,2.83
412227,3509,2.83
412327,3509,2.83
412427,3504,2.82
412527,3516,2.83
412627,3502,2.82
412727,3504,2.82
412827,3514,2.83
412927,3503,2.82
413027,3504,2.82
413127,3518,2.84
413227,3493,2.81
413327,3511,2.83
413427,3509,2.83
413527,3498,2.82
413627,3510,2.83
413727,3535,2.85
413827,3504,2.82
413927,3511,2.83
414027,3530,2.84
414127,3491,2.81
414227,3503,2.82
414327,3504,2.82
414427,3504,2.82
414527,3507,2.83
414627,3526,2.84
414727,3501,2.82
414827,3507,2.83
414927,3502,2.82
415027,3507,2.83
415127,3503,2.82
415227,3504,2.82
415327,3499,2.82
415427,3506,2.83
415527,3520,2.84
415627,3504,2.82
415727,3506,2.83
415827,3499,2.82
415927,3495,2.82
416027,3509,2.83
416127,3509,2.83
416227,3515,2.83
416327,3517,2.83
416427,3504,2.82
416527,3507,2.83
416627,3503,2.82
416727,3511,2.83
416827,3527,2.84
416927,3510,2.83
417027,3509,2.83
417127,3494,2.82
417227,3501,2.82
417327,3505,2.82
417427,3511,2.83
417527,3517,2.83
417627,3518,2.84
417727,3494,2.82
417827,3505,2.82
417927,3501,2.82
418027,3505,2.82
418127,3505,2.82
418227,3493,2.81
418327,3519,2.84
418427,3520,2.84
418527,3513,2.83
418627,3495,2.82
418727,3501,2.82
418827,3520,2.84
418927,3499,2.82
419027,3514,2.83
419127,3511,2.83
419227,3505,2.82
419327,3499,2.82
419427,3503,2.82
419527,3503,2.82
419627,3508,2.83
419727,3519,2.84
419827,3518,2.84
419927,3517,2.83
420027,3505,2.82
420127,3504,2.82
420227,3499,2.82
420327,3495,2.82
420427,3504,2.82
420527,3495,2.82
420627,3526,2.84
420727,3507,2.83
420827,3507,2.83
420927,3500,2.82
421027,3504,2.82
421127,3503,2.82
421227,3515,2.83
421327,3507,2.83
421427,3497,2.82
421527,3503,2.82
421627,3509,2.83
421727,3508,2.83
421827,3508,2.83
421927,3507,2.83
422027,3504,2.82
422127,3503,2.82
422227,3501,2.82
422327,3505,2.82
422427,3506,2.83
422527,3508,2.83
422627,3507,2.83
422727,3481,2.81
422827,3499,2.82
422927,3514,2.83
423027,3512,2.83
423127,3519,2.84
423227,3495,2.82
423327,3509,2.83
423427,3514,2.83
423527,3515,2.83
423627,3494,2.82
423727,3505,2.82
423827,3506,2.83
423927,3509,2.83
424027,3511,2.83
424127,3507,2.83
424227,3511,2.83
424327,3520,2.84
424427,3493,2.81
424527,3497,2.82
424627,3514,2.83
424727,3504,2.82
424827,3496,2.82
424927,3503,2.82
425027,3515,2.83
425127,3504,2.82
425227,3513,2.83
425327,3500,2.82
425427,3491,2.81
425527,3505,2.82
425627,3498,2.82
425727,3519,2.84
425827,3510,2.83
425927,3506,2.83
426027,3490,2.81
426127,3478,2.8
426227,3506,2.83
426327,3518,2.84
426427,3500,2.82
426527,3497,2.82
426627,3494,2.82
426727,3507,2.83
426827,3520,2.84
426927,3503,2.82
427027,3504,2.82
427127,3505,2.82
427227,3511,2.83
427327,3499,2.82
427427,3517,2.83
427527,3495,2.82
427627,3505,2.82
427727,3519,2.84
427827,3511,2.83
427927,3505,2.82
428027,3507,2.83
428127,3510,2.83
428227,3510,2.83
428327,3509,2.83
428427,3519,2.84
428527,3507,2.83
428627,3507,2.83
428727,3517,2.83
428827,3509,2.83
428927,3515,2.83
429027,3506,2.83
429127,3500,2.82
429227,3518,2.84
429327,3514,2.83
429427,3502,2.82
429527,3498,2.82
429627,3508,2.83
429727,3506,2.83
429827,3505,2.82
429927,3513,2.83
430027,3504,2.82
430127,3506,2.83
430227,3531,2.85
430327,3516,2.83
430427,3499,2.82
430527,3515,2.83
430627,3503,2.82
430727,3505,2.82
430827,3513,2.83
430927,3511,2.83
431027,3503,2.82
431127,3509,2.83
431227,3505,2.82
431327,3509,2.83
431427,3505,2.82
431527,3515,2.83
431627,3509,2.83
431727,3522,2.84
431827,3506,2.83
431927,3499,2.82
432027,3511,2.83
432127,3504,2.82
432227,3504,2.82
432327,3505,2.82
432427,3508,2.83
432527,3504,2.82
432627,3506,2.83
432727,3513,2.83
432827,3523,2.84
432927,3507,2.83
433027,3525,2.84
433127,3503,2.82
433227,3510,2.83
433327,3511,2.83
433427,3510,2.83
433527,3511,2.83
433627,3515,2.83
433727,3515,2.83
433827,3504,2.82
433927,3491,2.81
434027,3508,2.83
434127,3516,2.83
434227,3505,2.82
434327,3504,2.82
434427,3507,2.83
434527,3503,2.82
434627,3504,2.82
434727,3508,2.83
434827,3491,2.81
434927,3518,2.84
435027,3504,2.82
435127,3506,2.83
435227,3517,2.83
435327,3509,2.83
435427,3520,2.84
435527,3504,2.82
435627,3519,2.84
435727,3517,2.83
435827,3506,2.83
435927,3501,2.82
436027,3506,2.83
436127,3505,2.82
436227,3504,2.82
436327,3509,2.83
436427,3519,2.84
436527,3483,2.81
436627,3511,2.83
436727,3506,2.83
436827,3507,2.83
436927,3504,2.82
437027,3504,2.82
437127,3505,2.82
437227,3502,2.82
437327,3507,2.83
437427,3504,2.82
437527,3514,2.83
437627,3503,2.82
437727,3513,2.83
437827,3501,2.82
437927,3517,2.83
438027,3498,2.82
438127,3505,2.82
438227,3517,2.83
438327,3517,2.83
438427,3515,2.83
438527,3507,2.83
438627,3521,2.84
438727,3514,2.83
438827,3507,2.83
438927,3497,2.82
439027,3485,2.81
439127,3514,2.83
439227,3508,2.83
439327,3503,2.82
439427,3504,2.82
439527,3502,2.82
439627,3505,2.82
439727,3434,2.77
439827,3506,2.83
439927,3502,2.82
440027,3520,2.84
440127,3505,2.82
440227,3514,2.83
440327,3510,2.83
440427,3514,2.83
440527,3519,2.84
440627,3461,2.79
440727,3520,2.84
440827,3508,2.83
440927,3509,2.83
441027,3522,2.84
441127,3504,2.82
441227,3520,2.84
441327,3505,2.82
441427,3509,2.83
441527,3493,2.81
441627,3522,2.84
441727,3506,2.83
441827,3509,2.83
441927,3519,2.84
442027,3507,2.83
442127,3507,2.83
442227,3530,2.84
442327,3520,2.84
442427,3509,2.83
442527,3518,2.84
442627,3519,2.84
442727,3519,2.84
442827,3506,2.83
442927,3503,2.82
443027,3529,2.84
443127,3504,2.82
443227,3508,2.83
443327,3517,2.83
443427,3504,2.82
443527,3509,2.83
443627,3504,2.82
443727,3514,2.83
443827,3504,2.82
443927,3481,2.81
444027,3493,2.81
444127,3506,2.83
444227,3509,2.83
444327,3504,2.82
444427,3518,2.84
444527,3506,2.83
444627,3502,2.82
444727,3504,2.82
444827,3505,2.82
444927,3509,2.83
445027,3503,2.82
445127,3522,2.84
445227,3514,2.83
445327,3511,2.83
445427,3504,2.82
445527,3506,2.83
445627,3511,2.83
445727,3495,2.82
445827,3515,2.83
445927,3510,2.83
446027,3505,2.82
446127,3509,2.83
446227,3504,2.82
446327,3521,2.84
446427,3504,2.82
446527,3511,2.83
446627,3514,2.83
446727,3510,2.83
446827,3517,2.83
446927,3504,2.82
447027,3517,2.83
447127,3504,2.82
447227,3507,2.83
447327,3509,2.83
447427,3502,2.82
447527,3489,2.81
447627,3535,2.85
447727,3510,2.83
447827,3509,2.83
447927,3503,2.82
448027,3499,2.82
448127,3502,2.82
448227,3517,2.83
448327,3504,2.82
448427,3505,2.82
448527,3497,2.82
448627,3515,2.83
448727,3515,2.83
448827,3498,2.82
448927,3511,2.83
449027,3515,2.83
449127,3508,2.83
449227,3485,2.81
449327,3489,2.81
449427,3509,2.83
449527,3511,2.83
449627,3505,2.82
449727,3515,2.83
449827,3503,2.82
449927,3514,2.83
450027,3508,2.83
450127,3519,2.84
450227,3504,2.82
450327,3504,2.82
450427,3510,2.83
450527,3504,2.82
450627,3494,2.82
450727,3503,2.82
450827,3508,2.83
450927,3505,2.82
451027,3518,2.84
451127,3463,2.79
451227,3502,2.82
451327,3504,2.82
451427,3499,2.82
451527,3507,2.83
451627,3506,2.83
451727,3503,2.82
451827,3515,2.83
451927,3495,2.82
452027,3522,2.84
452127,3509,2.83
452227,3507,2.83
452327,3505,2.82
452427,3499,2.82
452527,3504,2.82
452627,3507,2.83
452727,3495,2.82
452827,3487,2.81
452927,3490,2.81
453027,3507,2.83
453127,3509,2.83
453227,3506,2.83
453327,3503,2.82
453427,3503,2.82
453527,3511,2.83
453627,3504,2.82
453727,3504,2.82
453827,3507,2.83
453927,3509,2.83
454027,3529,2.84
454127,3471,2.8
454227,3513,2.83
454327,3505,2.82
454427,3504,2.82
454527,3510,2.83
454627,3506,2.83
454727,3503,2.82
454827,3511,2.83
454927,3483,2.81
455027,3504,2.82
455127,3505,2.82
455227,3518,2.84
455327,3507,2.83
455427,3503,2.82
455527,3502,2.82
455627,3519,2.84
455727,3491,2.81
455827,3511,2.83
455927,3510,2.83
456027,3527,2.84
456127,3505,2.82
456227,3511,2.83
456327,3504,2.82
456427,3507,2.83
456527,3499,2.82
456627,3519,2.84
456727,3515,2.83
456827,3507,2.83
456927,3502,2.82
457027,3506,2.83
457127,3506,2.83
457227,3509,2.83
457327,3508,2.83
457427,3518,2.84
457527,3504,2.82
457627,3523,2.84
457727,3518,2.84
457827,3504,2.82
457927,3517,2.83
458027,3514,2.83
458127,3504,2.82
458227,3504,2.82
458327,3515,2.83
458427,3508,2.83
458527,3515,2.83
458627,3493,2.81
458727,3507,2.83
458827,3517,2.83
458927,3501,2.82
459027,3499,2.82
459127,3494,2.82
459227,3516,2.83
459327,3504,2.82
459427,3504,2.82
459527,3515,2.83
459627,3495,2.82
459727,3504,2.82
459827,3504,2.82
459927,3529,2.84
460027,3503,2.82
460127,3510,2.83
460227,3504,2.82
460327,3511,2.83
460427,3515,2.83
460527,3503,2.82
460627,3504,2.82
460727,3493,2.81
460827,3539,2.85
460927,3504,2.82
461027,3507,2.83
461127,3513,2.83
461227,3507,2.83
461327,3502,2.82
461427,3503,2.82
461527,3527,2.84
461627,3517,2.83
461727,3504,2.82
461827,3504,2.82
461927,3508,2.83
462027,3509,2.83
462127,3508,2.83
462227,3505,2.82
462327,3504,2.82
462427,3504,2.82
462527,3522,2.84
462627,3505,2.82
462727,3516,2.83
462827,3515,2.83
462927,3513,2.83
463027,3517,2.83
463127,3508,2.83
463227,3527,2.84
463327,3520,2.84
463427,3510,2.83
463527,3509,2.83
463627,3509,2.83
463727,3494,2.82
463827,3504,2.82
463927,3513,2.83
464027,3499,2.82
464127,3513,2.83
464227,3507,2.83
464327,3510,2.83
464427,3506,2.83
464527,3501,2.82
464627,3494,2.82
464727,3504,2.82
464827,3504,2.82
464927,3518,2.84
465027,3506,2.83
465127,3516,2.83
465227,3499,2.82
465327,3507,2.83
465427,3504,2.82
465527,3517,2.83
465627,3501,2.82
465727,3507,2.83
465827,3509,2.83
465927,3504,2.82
466027,3505,2.82
466127,3536,2.85
466227,3510,2.83
466327,3528,2.84
466427,3506,2.83
466527,3526,2.84
466627,3509,2.83
466727,3504,2.82
466827,3509,2.83
466927,3522,2.84
467027,3501,2.82
467127,3504,2.82
467227,3509,2.83
467327,3511,2.83
467427,3509,2.83
467527,3525,2.84
467627,3500,2.82
467727,3513,2.83
467827,3499,2.82
467927,3515,2.83
468027,3503,2.82
468127,3518,2.84
468227,3504,2.82
468327,3503,2.82
468427,3515,2.83
468527,3502,2.82
468627,3514,2.83
468727,3508,2.83
468827,3521,2.84
468927,3508,2.83
469027,3499,2.82
469127,3513,2.83
469227,3507,2.83
469327,3506,2.83
469427,3503,2.82
469527,3504,2.82
469627,3501,2.82
469727,3503,2.82
469827,3504,2.82
469927,3507,2.83
470027,3511,2.83
470127,3508,2.83
470227,3499,2.82
470327,3487,2.81
470427,3519,2.84
470527,3503,2.82
470627,3510,2.83
470727,3524,2.84
470827,3498,2.82
470927,3514,2.83
471027,3502,2.82
471127,3498,2.82
471227,3504,2.82
471327,3497,2.82
471427,3509,2.83
471527,3504,2.82
471627,3509,2.83
471727,3504,2.82
471827,3496,2.82
471927,3567,2.87
472027,3504,2.82
472127,3504,2.82
472227,3502,2.82
472327,3505,2.82
472427,3514,2.83
472527,3506,2.83
472627,3507,2.83
472727,3503,2.82
472827,3494,2.82
472927,3507,2.83
473027,3504,2.82
473127,3507,2.83
473227,3499,2.82
473327,3516,2.83
473427,3504,2.82
473527,3504,2.82
473627,3487,2.81
473727,3507,2.83
473827,3503,2.82
473927,3517,2.83
474027,3505,2.82
474127,3511,2.83
474227,3504,2.82
474327,3505,2.82
474427,3523,2.84
474527,3520,2.84
474627,3513,2.83
474727,3510,2.83
474827,3504,2.82
474927,3511,2.83
475027,3519,2.84
475127,3505,2.82
475227,3510,2.83
475327,3504,2.82
475427,3490,2.81
475527,3518,2.84
475627,3504,2.82
475727,3504,2.82
475827,3511,2.83
475927,3504,2.82
476027,3504,2.82
476127,3515,2.83
476227,3535,2.85
476327,3511,2.83
476427,3509,2.83
476527,3491,2.81
476627,3499,2.82
476727,3515,2.83
476827,3514,2.83
476927,3500,2.82
477027,3511,2.83
477127,3504,2.82
477227,3504,2.82
477327,3510,2.83
477427,3516,2.83
477527,3501,2.82
477627,3507,2.83
477727,3507,2.83
477827,3504,2.82
477927,3507,2.83
478027,3504,2.82
478127,3533,2.85
478227,3513,2.83
478327,3509,2.83
478427,3504,2.82
478527,3504,2.82
478627,3509,2.83
478727,3505,2.82
478827,3498,2.82
478927,3532,2.85
479027,3545,2.86
479127,3511,2.83
479227,3505,2.82
479327,3510,2.83
479427,3503,2.82
479527,3509,2.83
479627,3510,2.83
479727,3482,2.81
479827,3505,2.82
479927,3502,2.82
480027,3517,2.83
480127,3503,2.82
480227,3504,2.82
480327,3499,2.82
480427,3504,2.82
480527,3499,2.82
480627,3504,2.82
480727,3511,2.83
480827,3502,2.82
480927,3519,2.84
481027,3509,2.83
481127,3503,2.82
481227,3500,2.82
481327,3502,2.82
481427,3484,2.81
481527,3523,2.84
481627,3494,2.82
481727,3503,2.82
481827,3509,2.83
481927,3498,2.82
482027,3506,2.83
482127,3499,2.82
482227,3503,2.82
482327,3508,2.83
482427,3504,2.82
482527,3499,2.82
482627,3505,2.82
482727,3491,2.81
482827,3510,2.83
482927,3509,2.83
483027,3510,2.83
483127,3513,2.83
483227,3501,2.82
483327,3475,2.8
483427,3499,2.82
483527,3507,2.83
483627,3509,2.83
483727,3507,2.83
483827,3504,2.82
483927,3506,2.83
484027,3504,2.82
484127,3499,2.82
484227,3521,2.84
484327,3505,2.82
484427,3509,2.83
484527,3517,2.83
484627,3504,2.82
484727,3499,2.82
484827,3504,2.82
484927,3517,2.83
485027,3503,2.82
485127,3504,2.82
485227,3506,2.83
485327,3501,2.82
485427,3502,2.82
485527,3515,2.83
485627,3503,2.82
485727,3502,2.82
485827,3499,2.82
485927,3514,2.83
486027,3503,2.82
486127,3497,2.82
486227,3524,2.84
486327,3510,2.83
486427,3504,2.82
486527,3504,2.82
486627,3507,2.83
486727,3510,2.83
486827,3510,2.83
486927,3523,2.84
487027,3520,2.84
487127,3521,2.84
487227,3507,2.83
487327,3507,2.83
487427,3513,2.83
487527,3507,2.83
487627,3505,2.82
487727,3505,2.82
487827,3511,2.83
487927,3512,2.83
488027,3499,2.82
488127,3499,2.82
488227,3504,2.82
488327,3506,2.83
488427,3523,2.84
488527,3503,2.82
488627,3521,2.84
488727,3491,2.81
488827,3510,2.83
488927,3504,2.82
489027,3504,2.82
489127,3521,2.84
489227,3504,2.82
489327,3506,2.83
489427,3507,2.83
489527,3503,2.82
489627,3485,2.81
489727,3486,2.81
489827,3515,2.83
489927,3498,2.82
490027,3497,2.82
490127,3511,2.83
490227,3523,2.84
490327,3511,2.83
490427,3523,2.84
490527,3501,2.82
490627,3515,2.83
490727,3514,2.83
490827,3506,2.83
490927,3507,2.83
491027,3507,2.83
491127,3506,2.83
491227,3463,2.79
491327,3507,2.83
491427,3510,2.83
491527,3507,2.83
491627,3507,2.83
491727,3516,2.83
491827,3510,2.83
491927,3510,2.83
492027,3511,2.83
492127,3494,2.82
492227,3507,2.83
492327,3507,2.83
492427,3504,2.82
492527,3510,2.83
492627,3505,2.82
492727,3508,2.83
492827,3504,2.82
492927,3525,2.84
493027,3521,2.84
493127,3499,2.82
493227,3499,2.82
493327,3494,2.82
493427,3510,2.83
493527,3517,2.83
493627,3515,2.83
493727,3513,2.83
493827,3511,2.83
493927,3507,2.83
494027,3504,2.82
494127,3514,2.83
494227,3502,2.82
494327,3515,2.83
494427,3510,2.83
494527,3503,2.82
494627,3522,2.84
494727,3517,2.83
494827,3519,2.84
494927,3504,2.82
495027,3506,2.83
495127,3515,2.83
495227,3498,2.82
495327,3494,2.82
495427,3494,2.82
495527,3505,2.82
495627,3503,2.82
495727,3496,2.82
495827,3505,2.82
495927,3504,2.82
496027,3493,2.81
496127,3506,2.83
496227,3504,2.82
496327,3525,2.84
496427,3505,2.82
496527,3517,2.83
496627,3510,2.83
496727,3511,2.83
496827,3519,2.84
496927,3502,2.82
497027,3503,2.82
497127,3526,2.84
497227,3495,2.82
497327,3504,2.82
497427,3519,2.84
497527,3511,2.83
497627,3510,2.83
497727,3498,2.82
497827,3520,2.84
497927,3503,2.82
498027,3511,2.83
498127,3514,2.83
498227,3499,2.82
498327,3520,2.84
498427,3502,2.82
498527,3502,2.82
498627,3510,2.83
498727,3504,2.82
498827,3500,2.82
498927,3499,2.82
499027,3495,2.82
499127,3473,2.8
499227,3472,2.8
499327,3503,2.82
499427,3499,2.82
499527,3503,2.82
499627,3508,2.83
499727,3508,2.83
499827,3507,2.83
499927,3504,2.82
500027,3479,2.8
500127,3502,2.82
500227,3504,2.82
500327,3509,2.83
500427,3499,2.82
500527,3504,2.82
500627,3501,2.82
500727,3513,2.83
500827,3520,2.84
500927,3504,2.82
501027,3507,2.83
501127,3507,2.83
501227,3504,2.82
501327,3515,2.83
501427,3503,2.82
501527,3504,2.82
501627,3511,2.83
501727,3509,2.83
501827,3510,2.83
501927,3504,2.82
502027,3509,2.83
502127,3514,2.83
502227,3505,2.82
502327,3504,2.82
502427,3507,2.83
502527,3479,2.8
502627,3535,2.85
502727,3506,2.83
502827,3507,2.83
502927,3507,2.83
503027,3514,2.83
503127,3502,2.82
503227,3506,2.83
503327,3497,2.82
503427,3491,2.81
503527,3522,2.84
503627,3513,2.83
503727,3511,2.83
503827,3499,2.82
503927,3511,2.83
504027,3502,2.82
504127,3493,2.81
504227,3479,2.8
504327,3505,2.82
504427,3494,2.82
504527,3513,2.83
504627,3504,2.82
504727,3504,2.82
504827,3507,2.83
504927,3515,2.83
505027,3472,2.8
505127,3524,2.84
505227,3504,2.82
505327,3506,2.83
505427,3510,2.83
505527,3498,2.82
505627,3503,2.82
505727,3508,2.83
505827,3521,2.84
505927,3515,2.83
506027,3504,2.82
506127,3504,2.82
506227,3519,2.84
506327,3509,2.83
506427,3508,2.83
506527,3517,2.83
506627,3502,2.82
506727,3507,2.83
506827,3526,2.84
506927,3506,2.83
507027,3519,2.84
507127,3504,2.82
507227,3505,2.82
507327,3504,2.82
507427,3499,2.82
507527,3527,2.84
507627,3509,2.83
507727,3495,2.82
507827,3518,2.84
507927,3504,2.82
508027,3496,2.82
508127,3514,2.83
508227,3519,2.84
508327,3505,2.82
508427,3486,2.81
508527,3507,2.83
508627,3503,2.82
508727,3504,2.82
508827,3499,2.82
508927,3520,2.84
509027,3509,2.83
509127,3517,2.83
509227,3454,2.78
509327,3518,2.84
509427,3504,2.82
509527,3517,2.83
509627,3504,2.82
509727,3503,2.82
509827,3507,2.83
509927,3509,2.83
510027,3506,2.83
510127,3511,2.83
510227,3518,2.84
510327,3489,2.81
510427,3511,2.83
510527,3510,2.83
510627,3517,2.83
510727,3506,2.83
510827,3515,2.83
510927,3501,2.82
511027,3495,2.82
511127,3427,2.76
511227,3504,2.82
511327,3505,2.82
511427,3506,2.83
511527,3495,2.82
511627,3505,2.82
511727,3499,2.82
511827,3504,2.82
511927,3506,2.83
512027,3545,2.86
512127,3517,2.83
512227,3504,2.82
512327,3509,2.83
512427,3517,2.83
512527,3504,2.82
512627,3502,2.82
512727,3513,2.83
512827,3504,2.82
512927,3511,2.83
513027,3511,2.83
513127,3504,2.82
513227,3504,2.82
513327,3505,2.82
513427,3507,2.83
513527,3504,2.82
513627,3523,2.84
513727,3497,2.82
513827,3519,2.84
513927,3499,2.82
514027,3503,2.82
514127,3499,2.82
514227,3515,2.83
514327,3511,2.83
514427,3511,2.83
514527,3518,2.84
514627,3505,2.82
514727,3505,2.82
514827,3509,2.83
514927,3504,2.82
515027,3511,2.83
515127,3509,2.83
515227,3504,2.82
515327,3518,2.84
515427,3509,2.83
515527,3503,2.82
515627,3504,2.82
515727,3502,2.82
515827,3511,2.83
515927,3497,2.82
516027,3504,2.82
516127,3517,2.83
516227,3504,2.82
516327,3517,2.83
516427,3502,2.82
516527,3507,2.83
516627,3492,2.81
516727,3507,2.83
516827,3493,2.81
516927,3511,2.83
517027,3514,2.83
517127,3514,2.83
517227,3505,2.82
517327,3487,2.81
517427,3511,2.83
517527,3506,2.83
517627,3509,2.83
517727,3504,2.82
517827,3501,2.82
517927,3510,2.83
518027,3516,2.83
518127,3505,2.82
518227,3504,2.82
518327,3505,2.82
518427,3520,2.84
518527,3503,2.82
518627,3504,2.82
518727,3502,2.82
518827,3514,2.83
518927,3514,2.83
519027,3509,2.83
519127,3510,2.83
519227,3511,2.83
519327,3525,2.84
519427,3472,2.8
519527,3506,2.83
519627,3524,2.84
519727,3511,2.83
519827,3515,2.83
519927,3509,2.83
520027,3507,2.83
520127,3551,2.86
520227,3507,2.83
520327,3504,2.82
520427,3507,2.83
520527,3522,2.84
520627,3494,2.82
520727,3505,2.82
520827,3513,2.83
520927,3504,2.82
521027,3487,2.81
521127,3497,2.82
521227,3497,2.82
521327,3504,2.82
521427,3507,2.83
521527,3515,2.83
521627,3504,2.82
521727,3504,2.82
521827,3488,2.81
521927,3494,2.82
522027,3505,2.82
522127,3517,2.83
522227,3521,2.84
522327,3504,2.82
522427,3513,2.83
522527,3501,2.82
522627,3507,2.83
522727,3497,2.82
522827,3504,2.82
522927,3505,2.82
523027,3510,2.83
523127,3498,2.82
523227,3509,2.83
523327,3500,2.82
523427,3500,2.82
523527,3483,2.81
523627,3489,2.81
523727,3514,2.83
523827,3504,2.82
523927,3507,2.83
524027,3508,2.83
524127,3498,2.82
524227,3515,2.83
524327,3549,2.86
524427,3505,2.82
524527,3515,2.83
524627,3504,2.82
524727,3506,2.83
524827,3505,2.82
524927,3504,2.82
525027,3505,2.82
525127,3507,2.83
525227,3535,2.85
525327,3504,2.82
525427,3506,2.83
525527,3518,2.84
525627,3506,2.83
525727,3504,2.82
525827,3505,2.82
525927,3498,2.82
526027,3514,2.83
526127,3514,2.83
526227,3504,2.82
526327,3501,2.82
526427,3494,2.82
526527,3503,2.82
526627,3497,2.82
526727,3507,2.83
526827,3504,2.82
526927,3492,2.81
527027,3511,2.83
527127,3503,2.82
527227,3504,2.82
527327,3509,2.83
527427,3506,2.83
527527,3495,2.82
527627,3506,2.83
527727,3496,2.82
527827,3478,2.8
527927,3509,2.83
528027,3507,2.83
528127,3523,2.84
528227,3503,2.82
528327,3501,2.82
528427,3504,2.82
528527,3511,2.83
528627,3515,2.83
528727,3502,2.82
528827,3506,2.83
528927,3509,2.83
529027,3513,2.83
529127,3507,2.83
529227,3506,2.83
529327,3502,2.82
529427,3504,2.82
529527,3509,2.83
529627,3515,2.83
529727,3509,2.83
529827,3519,2.84
529927,3521,2.84
530027,3509,2.83
530127,3511,2.83
530227,3507,2.83
530327,3507,2.83
530427,3509,2.83
530527,3503,2.82
530627,3513,2.83
530727,3511,2.83
530827,3494,2.82
530927,3504,2.82
531027,3511,2.83
531127,3520,2.84
531227,3513,2.83
531327,3521,2.84
531427,3511,2.83
531527,3489,2.81
531627,3494,2.82
531727,3510,2.83
531827,3504,2.82
531927,3504,2.82
532027,3494,2.82
532127,3504,2.82
532227,3530,2.84
532327,3507,2.83
532427,3539,2.85
532527,3510,2.83
532627,3504,2.82
532727,3501,2.82
532827,3504,2.82
532927,3506,2.83
533027,3497,2.82
533127,3504,2.82
533227,3501,2.82
533327,3504,2.82
533427,3504,2.82
533527,3506,2.83
533627,3507,2.83
533727,3505,2.82
533827,3491,2.81
533927,3536,2.85
534027,3506,2.83
534127,3505,2.82
534227,3497,2.82
534327,3513,2.83
534427,3509,2.83
534527,3504,2.82
534627,3504,2.82
534727,3501,2.82
534827,3521,2.84
534927,3511,2.83
535027,3492,2.81
535127,3501,2.82
535227,3509,2.83
535327,3509,2.83
535427,3504,2.82
535527,3505,2.82
535627,3488,2.81
535727,3527,2.84
535827,3502,2.82
535927,3499,2.82
536027,3504,2.82
536127,3499,2.82
536227,3505,2.82
536327,3501,2.82
536427,3491,2.81
536527,3495,2.82
536627,3511,2.83
536727,3504,2.82
536827,3508,2.83
536927,3511,2.83
537027,3504,2.82
537127,3500,2.82
537227,3511,2.83
537327,3555,2.86
537427,3520,2.84
537527,3510,2.83
537627,3505,2.82
537727,3520,2.84
537827,3507,2.83
537927,3513,2.83
538027,3504,2.82
538127,3522,2.84
538227,3535,2.85
538327,3492,2.81
538427,3510,2.83
538527,3509,2.83
538627,3511,2.83
538727,3511,2.83
538827,3504,2.82
538927,3499,2.82
539027,3490,2.81
539127,3509,2.83
539227,3507,2.83
539327,3508,2.83
539427,3503,2.82
539527,3505,2.82
539627,3503,2.82
539727,3506,2.83
539827,3490,2.81
539927,3507,2.83
540027,3516,2.83
540127,3502,2.82
540227,3510,2.83
540327,3505,2.82
540427,3505,2.82
540527,3502,2.82
540627,3457,2.79
540727,3509,2.83
540827,3509,2.83
540927,3504,2.82
541027,3514,2.83
541127,3513,2.83
541227,3509,2.83
541327,3507,2.83
541427,3504,2.82
541527,3485,2.81
541627,3514,2.83
541727,3514,2.83
541827,3513,2.83
541927,3507,2.83
542027,3504,2.82
542127,3497,2.82
542227,3510,2.83
542327,3495,2.82
542427,3507,2.83
542527,3507,2.83
542627,3536,2.85
542727,3507,2.83
542827,3513,2.83
542927,3507,2.83
543027,3511,2.83
543127,3523,2.84
543227,3505,2.82
543327,3509,2.83
543427,3519,2.84
543527,3531,2.85
543627,3521,2.84
543727,3515,2.83
543827,3504,2.82
543927,3506,2.83
544027,3515,2.83
544127,3513,2.83
544227,3510,2.83
544327,3490,2.81
544427,3506,2.83
544527,3514,2.83
544627,3505,2.82
544727,3501,2.82
544827,3505,2.82
544927,3513,2.83
545027,3520,2.84
545127,3495,2.82
545227,3490,2.81
545327,3491,2.81
545427,3518,2.84
545527,3513,2.83
545627,3510,2.83
545727,3507,2.83
545827,3505,2.82
545927,3513,2.83
546027,3512,2.83
546127,3504,2.82
546227,3513,2.83
546327,3502,2.82
546427,3499,2.82
546527,3502,2.82
546627,3513,2.83
546727,3509,2.83
546827,3514,2.83
546927,3502,2.82
547027,3514,2.83
547127,3509,2.83
547227,3503,2.82
547327,3503,2.82
547427,3504,2.82
547527,3511,2.83
547627,3509,2.83
547727,3505,2.82
547827,3504,2.82
547927,3519,2.84
548027,3510,2.83
548127,3517,2.83
548227,3510,2.83
548327,3513,2.83
548427,3511,2.83
548527,3511,2.83
548627,3508,2.83
548727,3541,2.85
548827,3495,2.82
548927,3504,2.82
549027,3519,2.84
549127,3521,2.84
549227,3498,2.82
549327,3507,2.83
549427,3515,2.83
549527,3507,2.83
549627,3506,2.83
549727,3498,2.82
549827,3505,2.82
549927,3509,2.83
550027,3509,2.83
550127,3502,2.82
550227,3503,2.82
550327,3511,2.83
550427,3518,2.84
550527,3504,2.82
550627,3502,2.82
550727,3472,2.8
550827,3489,2.81
550927,3519,2.84
551027,3513,2.83
551127,3503,2.82
551227,3506,2.83
551327,3501,2.82
551427,3504,2.82
551527,3510,2.83
551627,3489,2.81
551727,3502,2.82
551827,3495,2.82
551927,3507,2.83
552027,3499,2.82
552127,3504,2.82
552227,3504,2.82
552327,3499,2.82
552427,3521,2.84
552527,3525,2.84
552627,3504,2.82
552727,3491,2.81
552827,3494,2.82
552927,3499,2.82
553027,3520,2.84
553127,3511,2.83
553227,3509,2.83
553327,3530,2.84
553427,3504,2.82
553527,3501,2.82
553627,3512,2.83
553727,3513,2.83
553827,3514,2.83
553927,3495,2.82
554027,3504,2.82
554127,3535,2.85
554227,3477,2.8
554327,3521,2.84
554427,3511,2.83
554527,3506,2.83
554627,3509,2.83
554727,3515,2.83
554827,3504,2.82
554927,3567,2.87
555027,3503,2.82
555127,3503,2.82
555227,3504,2.82
555327,3502,2.82
555427,3500,2.82
555527,3503,2.82
555627,3504,2.82
555727,3505,2.82
555827,3490,2.81
555927,3503,2.82
556027,3507,2.83
556127,3503,2.82
556227,3494,2.82
556327,3507,2.83
556427,3504,2.82
556527,3519,2.84
556627,3529,2.84
556727,3493,2.81
556827,3511,2.83
556927,3504,2.82
557027,3511,2.83
557127,3507,2.83
557227,3513,2.83
557327,3507,2.83
557427,3495,2.82
557527,3520,2.84
557627,3510,2.83
557727,3505,2.82
557827,3518,2.84
557927,3504,2.82
558027,3515,2.83
558127,3517,2.83
558227,3505,2.82
558327,3510,2.83
558427,3509,2.83
558527,3504,2.82
558627,3503,2.82
558727,3501,2.82
558827,3520,2.84
558927,3505,2.82
559027,3506,2.83
559127,3523,2.84
559227,3504,2.82
559327,3506,2.83
559427,3505,2.82
559527,3512,2.83
559627,3504,2.82
559727,3498,2.82
559827,3504,2.82
559927,3503,2.82
560027,3551,2.86
560127,3519,2.84
560227,3511,2.83
560327,3511,2.83
560427,3509,2.83
560527,3508,2.83
560627,3514,2.83
560727,3504,2.82
560827,3527,2.84
560927,3520,2.84
561027,3515,2.83
561127,3505,2.82
561227,3513,2.83
561327,3505,2.82
561427,3517,2.83
561527,3509,2.83
561627,3507,2.83
561727,3510,2.83
561827,3509,2.83
561927,3513,2.83
562027,3502,2.82
562127,3520,2.84
562227,3507,2.83
562327,3519,2.84
562427,3507,2.83
562527,3511,2.83
562627,3501,2.82
562727,3504,2.82
562827,3505,2.82
562927,3520,2.84
563027,3515,2.83
563127,3494,2.82
563227,3510,2.83
563327,3503,2.82
563427,3517,2.83
563527,3511,2.83
563627,3503,2.82
563727,3518,2.84
563827,3493,2.81
563927,3509,2.83
564027,3518,2.84
564127,3514,2.83
564227,3507,2.83
564327,3505,2.82
564427,3518,2.84
564527,3472,2.8
564627,3488,2.81
564727,3514,2.83
564827,3510,2.83
564927,3504,2.82
565027,3523,2.84
565127,3504,2.82
565227,3505,2.82
565327,3513,2.83
565427,3487,2.81
565527,3504,2.82
565627,3504,2.82
565727,3511,2.83
565827,3517,2.83
565927,3505,2.82
566027,3519,2.84
566127,3498,2.82
566227,3486,2.81
566327,3504,2.82
566427,3511,2.83
566527,3511,2.83
566627,3509,2.83
566727,3507,2.83
566827,3504,2.82
566927,3513,2.83
567027,3515,2.83
567127,3473,2.8
567227,3517,2.83
567327,3503,2.82
567427,3503,2.82
567527,3504,2.82
567627,3509,2.83
567727,3504,2.82
567827,3509,2.83
567927,3504,2.82
568027,3513,2.83
568127,3509,2.83
568227,3509,2.83
568327,3502,2.82
568427,3510,2.83
568527,3502,2.82
568627,3515,2.83
568727,3529,2.84
568827,3511,2.83
568927,3505,2.82
569027,3521,2.84
569127,3504,2.82
569227,3506,2.83
569327,3503,2.82
569427,3519,2.84
569527,3511,2.83
569627,3504,2.82
569727,3506,2.83
569827,3501,2.82
569927,3504,2.82
570027,3507,2.83
570127,3515,2.83
570227,3506,2.83
570327,3507,2.83
570427,3504,2.82
570527,3494,2.82
570627,3504,2.82
570727,3509,2.83
570827,3497,2.82
570927,3513,2.83
571027,3508,2.83
571127,3513,2.83
571227,3504,2.82
571327,3522,2.84
571427,3513,2.83
571527,3505,2.82
571627,3501,2.82
571727,3501,2.82
571827,3511,2.83
571927,3504,2.82
572027,3520,2.84
572127,3506,2.83
572227,3499,2.82
572327,3502,2.82
572427,3495,2.82
572527,3500,2.82
572627,3499,2.82
572727,3494,2.82
572827,3504,2.82
572927,3503,2.82
573027,3497,2.82
573127,3507,2.83
573227,3515,2.83
573327,3515,2.83
573427,3520,2.84
573527,3516,2.83
573627,3507,2.83
573727,3501,2.82
573827,3509,2.83
573927,3504,2.82
574027,3499,2.82
574127,3511,2.83
574227,3509,2.83
574327,3492,2.81
574427,3498,2.82
574527,3509,2.83
574627,3504,2.82
574727,3519,2.84
574827,3510,2.83
574927,3491,2.81
575027,3503,2.82
575127,3513,2.83
575227,3517,2.83
575327,3504,2.82
575427,3504,2.82
575527,3513,2.83
575627,3507,2.83
575727,3472,2.8
575827,3499,2.82
575927,3505,2.82
576027,3511,2.83
576127,3518,2.84
576227,3519,2.84
576327,3502,2.82
576427,3510,2.83
576527,3541,2.85
576627,3504,2.82
576727,3504,2.82
576827,3507,2.83
576927,3505,2.82
577027,3509,2.83
577127,3504,2.82
577227,3501,2.82
577327,3504,2.82
577427,3509,2.83
577527,3514,2.83
577627,3506,2.83
577727,3504,2.82
577827,3509,2.83
577927,3504,2.82
578027,3514,2.83
578127,3493,2.81
578227,3507,2.83
578327,3497,2.82
578427,3504,2.82
578527,3536,2.85
578627,3521,2.84
578727,3519,2.84
578827,3511,2.83
578927,3507,2.83
579027,3505,2.82
579127,3514,2.83
579227,3505,2.82
579327,3505,2.82
579427,3515,2.83
579527,3501,2.82
579627,3513,2.83
579727,3517,2.83
579827,3515,2.83
579927,3508,2.83
580027,3506,2.83
580127,3515,2.83
580227,3501,2.82
580327,3509,2.83
580427,3505,2.82
580527,3511,2.83
580627,3507,2.83
580727,3504,2.82
580827,3503,2.82
580927,3511,2.83
581027,3500,2.82
581127,3526,2.84
581227,3523,2.84
581327,3507,2.83
581427,3514,2.83
581527,3503,2.82
581627,3510,2.83
581727,3515,2.83
581827,3537,2.85
581927,3505,2.82
582027,3511,2.83
582127,3504,2.82
582227,3511,2.83
582327,3504,2.82
582427,3504,2.82
582527,3513,2.83
582627,3503,2.82
582727,3513,2.83
582827,3507,2.83
582927,3503,2.82
583027,3486,2.81
583127,3508,2.83
583227,3505,2.82
583327,3504,2.82
583427,3517,2.83
583527,3509,2.83
583627,3506,2.83
583727,3504,2.82
583827,3513,2.83
583927,3527,2.84
584027,3506,2.83
584127,3505,2.82
584227,3499,2.82
584327,3520,2.84
584427,3492,2.81
584527,3499,2.82
584627,3517,2.83
584727,3527,2.84
584827,3519,2.84
584927,3516,2.83
585027,3505,2.82
585127,3519,2.84
585227,3523,2.84
585327,3504,2.82
585427,3509,2.83
585527,3511,2.83
585627,3499,2.82
585727,3511,2.83
585827,3509,2.83
585927,3503,2.82
586027,3504,2.82
586127,3518,2.84
586227,3501,2.82
586327,3504,2.82
586427,3535,2.85
586527,3474,2.8
586627,3499,2.82
586727,3506,2.83
586827,3502,2.82
586927,3510,2.83
587027,3510,2.83
587127,3518,2.84
587227,3501,2.82
587327,3491,2.81
587427,3507,2.83
587527,3499,2.82
587627,3509,2.83
587727,3502,2.82
587827,3504,2.82
587927,3503,2.82
588027,3507,2.83
588127,3500,2.82
588227,3509,2.83
588327,3505,2.82
588427,3504,2.82
588527,3507,2.83
588627,3506,2.83
588727,3515,2.83
588827,3510,2.83
588927,3511,2.83
589027,3529,2.84
589127,3515,2.83
589227,3494,2.82
589327,3511,2.83
589427,3509,2.83
589527,3507,2.83
589627,3517,2.83
589727,3494,2.82
589827,3494,2.82
589927,3505,2.82
590027,3513,2.83
590127,3507,2.83
590227,3507,2.83
590327,3521,2.84
590427,3505,2.82
590527,3514,2.83
590627,3504,2.82
590727,3506,2.83
590827,3523,2.84
590927,3504,2.82
591027,3495,2.82
591127,3508,2.83
591227,3506,2.83
591327,3515,2.83
591427,3506,2.83
591527,3502,2.82
591627,3504,2.82
591727,3505,2.82
591827,3518,2.84
591927,3505,2.82
592027,3506,2.83
592127,3516,2.83
592227,3507,2.83
592327,3486,2.81
592427,3518,2.84
592527,3513,2.83
592627,3504,2.82
592727,3506,2.83
592827,3503,2.82
592927,3504,2.82
593027,3510,2.83
593127,3472,2.8
593227,3501,2.82
593327,3507,2.83
593427,3503,2.82
593527,3515,2.83
593627,3507,2.83
593727,3505,2.82
593827,3509,2.83
593927,3517,2.83
594027,3512,2.83
594127,3504,2.82
594227,3513,2.83
594327,3513,2.83
594427,3517,2.83
594527,3504,2.82
594627,3497,2.82
594727,3515,2.83
594827,3517,2.83
594927,3511,2.83
595027,3515,2.83
595127,3504,2.82
595227,3481,2.81
595327,3497,2.82
595427,3506,2.83
595527,3514,2.83
595627,3504,2.82
595727,3505,2.82
595827,3504,2.82
595927,3498,2.82
596027,3522,2.84
596127,3521,2.84
596227,3503,2.82
596327,3515,2.83
596427,3512,2.83
596527,3504,2.82
596627,3498,2.82
596727,3513,2.83
596827,3484,2.81
596927,3504,2.82
597027,3495,2.82
597127,3511,2.83
597227,3504,2.82
597327,3504,2.82
597427,3502,2.82
597527,3504,2.82
597627,3503,2.82
597727,3521,2.84
597827,3513,2.83
597927,3506,2.83
598027,3505,2.82
598127,3506,2.83
598227,3504,2.82
598327,3511,2.83
598427,3510,2.83
598527,3495,2.82
598627,3498,2.82
598727,3511,2.83
598827,3504,2.82
598927,3504,2.82
599027,3505,2.82
599127,3517,2.83
599227,3506,2.83
599327,3497,2.82
599427,3536,2.85
599527,3505,2.82
599627,3504,2.82
599727,3519,2.84
599827,3520,2.84
599927,3518,2.84
600027,3516,2.83
600127,3507,2.83
600227,3510,2.83
600327,3505,2.82
600427,3518,2.84
600527,3504,2.82
600627,3511,2.83
600727,3511,2.83
600827,3504,2.82
600927,3504,2.82
601027,3491,2.81
601127,3501,2.82
601227,3504,2.82
601327,3514,2.83
601427,3520,2.84
601527,3515,2.83
601627,3517,2.83
601727,3507,2.83
601827,3507,2.83
601927,3502,2.82
602027,3504,2.82
602127,3501,2.82
602227,3511,2.83
602327,3506,2.83
602427,3505,2.82
602527,3509,2.83
602627,3509,2.83
602727,3514,2.83
602827,3524,2.84
602927,3504,2.82
603027,3506,2.83
603127,3516,2.83
603227,3502,2.82
603327,3509,2.83
603427,3499,2.82
603527,3527,2.84
603627,3488,2.81
603727,3517,2.83
603827,3514,2.83
603927,3513,2.83
604027,3507,2.83
604127,3507,2.83
604227,3514,2.83
604327,3511,2.83
604427,3520,2.84
604527,3504,2.82
604627,3502,2.82
604727,3503,2.82
604827,3505,2.82
604927,3504,2.82
605027,3517,2.83
605127,3506,2.83
605227,3491,2.81
605327,3483,2.81
605427,3509,2.83
605527,3499,2.82
605627,3505,2.82
605727,3513,2.83
605827,3508,2.83
605927,3504,2.82
606027,3514,2.83
606127,3513,2.83
606227,3509,2.83
606327,3504,2.82
606427,3520,2.84
606527,3516,2.83
606627,3511,2.83
606727,3503,2.82
606827,3522,2.84
606927,3513,2.83
607027,3509,2.83
607127,3504,2.82
607227,3507,2.83
607327,3515,2.83
607427,3511,2.83
607527,3517,2.83
607627,3504,2.82
607727,3502,2.82
607827,3515,2.83
607927,3503,2.82
608027,3504,2.82
608127,3506,2.83
608227,3510,2.83
608327,3508,2.83
608427,3504,2.82
608527,3513,2.83
608627,3499,2.82
608727,3504,2.82
608827,3491,2.81
608927,3502,2.82
609027,3507,2.83
609127,3519,2.84
609227,3505,2.82
609327,3511,2.83
609427,3514,2.83
609527,3504,2.82
609627,3503,2.82
609727,3521,2.84
609827,3510,2.83
609927,3518,2.84
610027,3504,2.82
610127,3516,2.83
610227,3501,2.82
610327,3506,2.83
610427,3511,2.83
610527,3530,2.84
610627,3508,2.83
610727,3504,2.82
610827,3494,2.82
610927,3477,2.8
611027,3507,2.83
611127,3507,2.83
611227,3504,2.82
611327,3519,2.84
611427,3507,2.83
611527,3519,2.84
611627,3497,2.82
611727,3491,2.81
611827,3497,2.82
611927,3510,2.83
612027,3507,2.83
612127,3513,2.83
612227,3510,2.83
612327,3518,2.84
612427,3521,2.84
612527,3516,2.83
612627,3506,2.83
612727,3509,2.83
612827,3497,2.82
612927,3503,2.82
613027,3515,2.83
613127,3506,2.83
613227,3510,2.83
613327,3483,2.81
613427,3494,2.82
613527,3504,2.82
613627,3513,2.83
613727,3496,2.82
613827,3502,2.82
613927,3504,2.82
614027,3519,2.84
614127,3467,2.79
614227,3508,2.83
614327,3504,2.82
614427,3514,2.83
614527,3510,2.83
614627,3492,2.81
614727,3504,2.82
614827,3504,2.82
614927,3501,2.82
615027,3498,2.82
615127,3499,2.82
615227,3513,2.83
615327,3515,2.83
615427,3491,2.81
615527,3504,2.82
615627,3517,2.83
615727,3504,2.82
615827,3510,2.83
615927,3507,2.83
616027,3497,2.82
616127,3509,2.83
616227,3518,2.84
616327,3504,2.82
616427,3515,2.83
616527,3503,2.82
616627,3515,2.83
616727,3507,2.83
616827,3507,2.83
616927,3517,2.83
617027,3504,2.82
617127,3511,2.83
617227,3504,2.82
617327,3508,2.83
617427,3501,2.82
617527,3493,2.81
617627,3509,2.83
617727,3511,2.83
617827,3505,2.82
617927,3516,2.83
618027,3504,2.82
618127,3503,2.82
618227,3499,2.82
618327,3510,2.83
618427,3499,2.82
618527,3507,2.83
618627,3501,2.82
618727,3537,2.85
618827,3517,2.83
618927,3515,2.83
619027,3509,2.83
619127,3505,2.82
619227,3513,2.83
619327,3518,2.84
619427,3510,2.83
619527,3536,2.85
619627,3525,2.84
619727,3497,2.82
619827,3502,2.82
619927,3504,2.82
620027,3513,2.83
620127,3498,2.82
620227,3506,2.83
620327,3504,2.82
620427,3529,2.84
620527,3517,2.83
620627,3510,2.83
620727,3515,2.83
620827,3506,2.83
620927,3513,2.83
621027,3506,2.83
621127,3511,2.83
621227,3536,2.85
621327,3478,2.8
621427,3506,2.83
621527,3510,2.83
621627,3504,2.82
621727,3501,2.82
621827,3507,2.83
621927,3504,2.82
622027,3510,2.83
622127,3539,2.85
622227,3514,2.83
622327,3504,2.82
622427,3508,2.83
622527,3501,2.82
622627,3515,2.83
622727,3514,2.83
622827,3515,2.83
622927,3503,2.82
623027,3501,2.82
623127,3516,2.83
623227,3517,2.83
623327,3509,2.83
623427,3506,2.83
623527,3504,2.82
623627,3515,2.83
623727,3506,2.83
623827,3511,2.83
623927,3504,2.82
624027,3502,2.82
624127,3509,2.83
624227,3517,2.83
624327,3514,2.83
624427,3505,2.82
624527,3515,2.83
624627,3503,2.82
624727,3515,2.83
624827,3493,2.81
624927,3503,2.82
625027,3510,2.83
625127,3504,2.82
625227,3518,2.84
625327,3509,2.83
625427,3488,2.81
625527,3493,2.81
625627,3507,2.83
625727,3510,2.83
625827,3513,2.83
625927,3504,2.82
626027,3508,2.83
626127,3506,2.83
626227,3517,2.83
626327,3507,2.83
626427,3501,2.82
626527,3501,2.82
626627,3513,2.83
626727,3500,2.82
626827,3504,2.82
626927,3499,2.82
627027,3519,2.84
627127,3509,2.83
627227,3509,2.83
627327,3506,2.83
627427,3510,2.83
627527,3505,2.82
627627,3501,2.82
627727,3520,2.84
627827,3501,2.82
627927,3503,2.82
628027,3503,2.82
628127,3515,2.83
628227,3507,2.83
628327,3552,2.86
628427,3538,2.85
628527,3504,2.82
628627,3521,2.84
628727,3504,2.82
628827,3504,2.82
628927,3507,2.83
629027,3520,2.84
629127,3515,2.83
629227,3511,2.83
629327,3501,2.82
629427,3515,2.83
629527,3520,2.84
629627,3503,2.82
629727,3504,2.82
629827,3513,2.83
629927,3505,2.82
630027,3492,2.81
630127,3511,2.83
630227,3505,2.82
630327,3504,2.82
630427,3507,2.83
630527,3502,2.82
630627,3506,2.83
630727,3499,2.82
630827,3510,2.83
630927,3498,2.82
631027,3504,2.82
631127,3514,2.83
631227,3515,2.83
631327,3504,2.82
631427,3510,2.83
631527,3511,2.83
631627,3519,2.84
631727,3513,2.83
631827,3503,2.82
631927,3519,2.84
632027,3503,2.82
632127,3505,2.82
632227,3498,2.82
632327,3506,2.83
632427,3510,2.83
632527,3520,2.84
632627,3483,2.81
632727,3511,2.83
632827,3499,2.82
632927,3504,2.82
633027,3495,2.82
633127,3505,2.82
633227,3505,2.82
633327,3406,2.74
633427,3500,2.82
633527,3507,2.83
633627,3510,2.83
633727,3507,2.83
633827,3515,2.83
633927,3510,2.83
634027,3502,2.82
634127,3501,2.82
634227,3503,2.82
634327,3519,2.84
634427,3519,2.84
634527,3515,2.83
634627,3510,2.83
634727,3515,2.83
634827,3504,2.82
634927,3515,2.83
635027,3500,2.82
635127,3518,2.84
635227,3494,2.82
635327,3510,2.83
635427,3510,2.83
635527,3510,2.83
635627,3510,2.83
635727,3507,2.83
635827,3511,2.83
635927,3509,2.83
636027,3510,2.83
636127,3502,2.82
636227,3505,2.82
636327,3515,2.83
636427,3507,2.83
636527,3504,2.82
636627,3504,2.82
636727,3491,2.81
636827,3478,2.8
636927,3515,2.83
637027,3511,2.83
637127,3507,2.83
637227,3505,2.82
637327,3514,2.83
637427,3515,2.83
637527,3465,2.79
637627,3498,2.82
637727,3509,2.83
637827,3509,2.83
637927,3504,2.82
638027,3516,2.83
638127,3510,2.83
638227,3504,2.82
638327,3504,2.82
638427,3513,2.83
638527,3505,2.82
638627,3508,2.83
638727,3509,2.83
638827,3513,2.83
638927,3504,2.82
639027,3505,2.82
639127,3513,2.83
639227,3505,2.82
639327,3504,2.82
639427,3507,2.83
639527,3472,2.8
639627,3503,2.82
639727,3502,2.82
639827,3504,2.82
639927,3498,2.82
640027,3504,2.82
640127,3514,2.83
640227,3519,2.84
640327,3503,2.82
640427,3511,2.83
640527,3504,2.82
640627,3506,2.83
640727,3498,2.82
640827,3516,2.83
640927,3506,2.83
641027,3505,2.82
641127,3504,2.82
641227,3523,2.84
641327,3519,2.84
641427,3522,2.84
641527,3505,2.82
641627,3503,2.82
641727,3509,2.83
641827,3514,2.83
641927,3504,2.82
642027,3519,2.84
642127,3515,2.83
642227,3526,2.84
642327,3508,2.83
642427,3511,2.83
642527,3504,2.82
642627,3514,2.83
642727,3521,2.84
642827,3444,2.78
642927,3494,2.82
643027,3525,2.84
643127,3505,2.82
643227,3501,2.82
643327,3516,2.83
643427,3506,2.83
643527,3504,2.82
643627,3504,2.82
643727,3501,2.82
643827,3499,2.82
643927,3504,2.82
644027,3506,2.83
644127,3502,2.82
644227,3507,2.83
644327,3500,2.82
644427,3510,2.83
644527,3506,2.83
644627,3509,2.83
644727,3511,2.83
644827,3485,2.81
644927,3504,2.82
645027,3504,2.82
645127,3499,2.82
645227,3518,2.84
645327,3514,2.83
645427,3503,2.82
645527,3507,2.83
645627,3520,2.84
645727,3520,2.84
645827,3514,2.83
645927,3501,2.82
646027,3505,2.82
646127,3515,2.83
646227,3505,2.82
646327,3504,2.82
646427,3520,2.84
646527,3519,2.84
646627,3509,2.83
646727,3509,2.83
646827,3499,2.82
646927,3507,2.83
647027,3504,2.82
647127,3511,2.83
647227,3510,2.83
647327,3520,2.84
647427,3501,2.82
647527,3504,2.82
647627,3503,2.82
647727,3501,2.82
647827,3502,2.82
647927,3503,2.82
648027,3506,2.83
648127,3519,2.84
648227,3510,2.83
648327,3498,2.82
648427,3515,2.83
648527,3531,2.85
648627,3481,2.81
648727,3503,2.82
648827,3515,2.83
648927,3514,2.83
649027,3507,2.83
649127,3494,2.82
649227,3501,2.82
649327,3462,2.79
649427,3507,2.83
649527,3510,2.83
649627,3513,2.83
649727,3499,2.82
649827,3504,2.82
649927,3506,2.83
650027,3504,2.82
650127,3519,2.84
650227,3523,2.84
650327,3509,2.83
650427,3505,2.82
650527,3511,2.83
650627,3507,2.83
650727,3518,2.84
650827,3503,2.82
650927,3507,2.83
651027,3504,2.82
651127,3508,2.83
651227,3504,2.82
651327,3522,2.84
651427,3507,2.83
651527,3507,2.83
651627,3512,2.83
651727,3517,2.83
651827,3526,2.84
651927,3517,2.83
652027,3501,2.82
652127,3499,2.82
652227,3504,2.82
652327,3508,2.83
652427,3505,2.82
652527,3504,2.82
652627,3504,2.82
652727,3502,2.82
652827,3541,2.85
652927,3516,2.83
653027,3519,2.84
653127,3509,2.83
653227,3504,2.82
653327,3511,2.83
653427,3519,2.84
653527,3429,2.76
653627,3504,2.82
653727,3503,2.82
653827,3505,2.82
653927,3501,2.82
654027,3507,2.83
654127,3506,2.83
654227,3501,2.82
654327,3510,2.83
654427,3498,2.82
654527,3509,2.83
654627,3507,2.83
654727,3509,2.83
654827,3501,2.82
654927,3504,2.82
655027,3508,2.83
655127,3519,2.84
655227,3488,2.81
655327,3489,2.81
655427,3516,2.83
655527,3506,2.83
655627,3519,2.84
655727,3501,2.82
655827,3502,2.82
655927,3504,2.82
656027,3494,2.82
656127,3504,2.82
656227,3505,2.82
656327,3520,2.84
656427,3517,2.83
656527,3504,2.82
656627,3504,2.82
656727,3514,2.83
656827,3503,2.82
656927,3482,2.81
657027,3520,2.84
657127,3507,2.83
657227,3518,2.84
657327,3511,2.83
657427,3503,2.82
657527,3507,2.83
657627,3499,2.82
657727,3533,2.85
657827,3523,2.84
657927,3521,2.84
658027,3505,2.82
658127,3515,2.83
658227,3503,2.82
658327,3517,2.83
658427,3505,2.82
658527,3507,2.83
658627,3525,2.84
658727,3504,2.82
658827,3511,2.83
658927,3505,2.82
659027,3508,2.83
659127,3510,2.83
659227,3519,2.84
659327,3511,2.83
659427,3505,2.82
659527,3502,2.82
659627,3511,2.83
659727,3509,2.83
659827,3535,2.85
659927,3504,2.82
660027,3504,2.82
660127,3519,2.84
660227,3507,2.83
660327,3505,2.82
660427,3504,2.82
660527,3511,2.83
660627,3519,2.84
660727,3495,2.82
660827,3507,2.83
660927,3501,2.82
661027,3504,2.82
661127,3504,2.82
661227,3505,2.82
661327,3503,2.82
661427,3504,2.82
661527,3504,2.82
661627,3505,2.82
661727,3504,2.82
661827,3504,2.82
661927,3502,2.82
662027,3503,2.82
662127,3507,2.83
662227,3499,2.82
662327,3499,2.82
662427,3493,2.81
662527,3504,2.82
662627,3503,2.82
662727,3519,2.84
662827,3502,2.82
662927,3501,2.82
663027,3510,2.83
663127,3497,2.82
663227,3501,2.82
663327,3513,2.83
663427,3522,2.84
663527,3504,2.82
663627,3504,2.82
663727,3510,2.83
663827,3513,2.83
663927,3505,2.82
664027,3442,2.77
664127,3517,2.83
664227,3515,2.83
664327,3504,2.82
664427,3495,2.82
664527,3504,2.82
664627,3519,2.84
664727,3510,2.83
664827,3527,2.84
664927,3505,2.82
665027,3504,2.82
665127,3511,2.83
665227,3504,2.82
665327,3509,2.83
665427,3510,2.83
665527,3511,2.83
665627,3504,2.82
665727,3518,2.84
665827,3514,2.83
665927,3503,2.82
666027,3506,2.83
666127,3507,2.83
666227,3508,2.83
666327,3504,2.82
666427,3514,2.83
666527,3488,2.81
666627,3536,2.85
666727,3504,2.82
666827,3504,2.82
666927,3521,2.84
667027,3517,2.83
667127,3499,2.82
667227,3503,2.82
667327,3520,2.84
667427,3515,2.83
667527,3510,2.83
667627,3509,2.83
667727,3510,2.83
667827,3499,2.82
667927,3505,2.82
668027,3505,2.82
668127,3507,2.83
668227,3538,2.85
668327,3507,2.83
668427,3513,2.83
668527,3509,2.83
668627,3502,2.82
668727,3506,2.83
668827,3511,2.83
668927,3515,2.83
669027,3513,2.83
669127,3504,2.82
669227,3502,2.82
669327,3504,2.82
669427,3511,2.83
669527,3510,2.83
669627,3518,2.84
669727,3495,2.82
669827,3513,2.83
669927,3507,2.83
670027,3502,2.82
670127,3523,2.84
670227,3505,2.82
670327,3504,2.82
670427,3504,2.82
670527,3505,2.82
670627,3494,2.82
670727,3465,2.79
670827,3522,2.84
670927,3520,2.84
671027,3504,2.82
671127,3504,2.82
671227,3506,2.83
671327,3513,2.83
671427,3510,2.83
671527,3526,2.84
671627,3505,2.82
671727,3515,2.83
671827,3510,2.83
671927,3510,2.83
672027,3518,2.84
672127,3499,2.82
672227,3516,2.83
672327,3511,2.83
672427,3499,2.82
672527,3518,2.84
672627,3515,2.83
672727,3497,2.82
672827,3509,2.83
672927,3501,2.82
673027,3520,2.84
673127,3502,2.82
673227,3507,2.83
673327,3501,2.82
673427,3504,2.82
673527,3499,2.82
673627,3509,2.83
673727,3513,2.83
673827,3501,2.82
673927,3498,2.82
674027,3504,2.82
674127,3503,2.82
674227,3515,2.83
674327,3478,2.8
674427,3523,2.84
674527,3507,2.83
674627,3509,2.83
674727,3503,2.82
674827,3504,2.82
674927,3504,2.82
675027,3504,2.82
675127,3504,2.82
675227,3509,2.83
675327,3519,2.84
675427,3523,2.84
675527,3506,2.83
675627,3514,2.83
675727,3506,2.83
675827,3504,2.82
675927,3511,2.83
676027,3506,2.83
676127,3505,2.82
676227,3509,2.83
676327,3506,2.83
676427,3517,2.83
676527,3515,2.83
676627,3506,2.83
676727,3506,2.83
676827,3509,2.83
676927,3505,2.82
677027,3517,2.83
677127,3472,2.8
677227,3501,2.82
677327,3510,2.83
677427,3504,2.82
677527,3509,2.83
677627,3505,2.82
677727,3506,2.83
677827,3503,2.82
677927,3486,2.81
678027,3488,2.81
678127,3509,2.83
678227,3504,2.82
678327,3505,2.82
678427,3504,2.82
678527,3519,2.84
678627,3518,2.84
678727,3504,2.82
678827,3497,2.82
678927,3520,2.84
679027,3508,2.83
679127,3505,2.82
679227,3502,2.82
679327,3509,2.83
679427,3504,2.82
679527,3495,2.82
679627,3511,2.83
679727,3504,2.82
679827,3508,2.83
679927,3504,2.82
680027,3526,2.84
680127,3515,2.83
680227,3504,2.82
680327,3513,2.83
680427,3509,2.83
680527,3507,2.83
680627,3504,2.82
680727,3505,2.82
680827,3498,2.82
680927,3499,2.82
681027,3509,2.83
681127,3504,2.82
681227,3511,2.83
681327,3511,2.83
681427,3513,2.83
681527,3515,2.83
681627,3504,2.82
681727,3507,2.83
681827,3503,2.82
681927,3505,2.82
682027,3509,2.83
682127,3498,2.82
682227,3504,2.82
682327,3509,2.83
682427,3514,2.83
682527,3503,2.82
682627,3463,2.79
682727,3504,2.82
682827,3504,2.82
682927,3499,2.82
683027,3519,2.84
683127,3505,2.82
683227,3516,2.83
683327,3523,2.84
683427,3513,2.83
683527,3504,2.82
683627,3493,2.81
683727,3497,2.82
683827,3505,2.82
683927,3519,2.84
684027,3501,2.82
684127,3511,2.83
684227,3502,2.82
684327,3517,2.83
684427,3494,2.82
684527,3498,2.82
684627,3509,2.83
684727,3499,2.82
684827,3504,2.82
684927,3517,2.83
685027,3487,2.81
685127,3514,2.83
685227,3509,2.83
685327,3515,2.83
685427,3504,2.82
685527,3504,2.82
685627,3509,2.83
685727,3508,2.83
685827,3504,2.82
685927,3482,2.81
686027,3519,2.84
686127,3502,2.82
686227,3516,2.83
686327,3509,2.83
686427,3508,2.83
686527,3504,2.82
686627,3509,2.83
686727,3487,2.81
686827,3474,2.8
686927,3497,2.82
687027,3507,2.83
687127,3511,2.83
687227,3504,2.82
687327,3501,2.82
687427,3514,2.83
687527,3495,2.82
687627,3501,2.82
687727,3514,2.83
687827,3511,2.83
687927,3504,2.82
688027,3504,2.82
688127,3505,2.82
688227,3508,2.83
688327,3504,2.82
688427,3511,2.83
688527,3504,2.82
688627,3517,2.83
688727,3507,2.83
688827,3504,2.82
688927,3512,2.83
689027,3503,2.82
689127,3505,2.82
689227,3547,2.86
689327,3491,2.81
689427,3519,2.84
689527,3510,2.83
689627,3507,2.83
689727,3509,2.83
689827,3504,2.82
689927,3504,2.82
690027,3503,2.82
690127,3510,2.83
690227,3499,2.82
690327,3514,2.83
690427,3504,2.82
690527,3514,2.83
690627,3507,2.83
690727,3518,2.84
690827,3506,2.83
690927,3545,2.86
691027,3491,2.81
691127,3498,2.82
691227,3504,2.82
691327,3504,2.82
691427,3503,2.82
691527,3513,2.83
691627,3511,2.83
691727,3514,2.83
691827,3500,2.82
691927,3501,2.82
692027,3505,2.82
692127,3535,2.85
692227,3538,2.85
692327,3519,2.84
692427,3505,2.82
692527,3504,2.82
692627,3515,2.83
692727,3504,2.82
692827,3504,2.82
692927,3558,2.87
693027,3493,2.81
693127,3519,2.84
693227,3504,2.82
693327,3507,2.83
693427,3509,2.83
693527,3503,2.82
693627,3520,2.84
693727,3512,2.83
693827,3513,2.83
693927,3512,2.83
694027,3510,2.83
694127,3511,2.83
694227,3511,2.83
694327,3511,2.83
694427,3513,2.83
694527,3504,2.82
694627,3504,2.82
694727,3505,2.82
694827,3518,2.84
694927,3511,2.83
695027,3506,2.83
695127,3504,2.82
695227,3507,2.83
695327,3506,2.83
695427,3509,2.83
695527,3527,2.84
695627,3510,2.83
695727,3513,2.83
695827,3520,2.84
695927,3500,2.82
696027,3504,2.82
696127,3504,2.82
696227,3503,2.82
696327,3541,2.85
696427,3501,2.82
696527,3519,2.84
696627,3514,2.83
696727,3506,2.83
696827,3507,2.83
696927,3502,2.82
697027,3501,2.82
697127,3504,2.82
697227,3519,2.84
697327,3519,2.84
697427,3504,2.82
697527,3517,2.83
697627,3504,2.82
697727,3505,2.82
697827,3507,2.83
697927,3503,2.82
698027,3497,2.82
698127,3516,2.83
698227,3504,2.82
698327,3504,2.82
698427,3506,2.83
698527,3513,2.83
698627,3509,2.83
698727,3493,2.81
698827,3504,2.82
698927,3511,2.83
699027,3504,2.82
699127,3519,2.84
699227,3509,2.83
699327,3514,2.83
699427,3506,2.83
699527,3514,2.83
699627,3520,2.84
699727,3498,2.82
699827,3517,2.83
699927,3504,2.82
700027,3511,2.83
700127,3507,2.83
700227,3508,2.83
700327,3515,2.83
700427,3519,2.84
700527,3516,2.83
700627,3487,2.81
700727,3521,2.84
700827,3519,2.84
700927,3508,2.83
701027,3504,2.82
701127,3504,2.82
701227,3503,2.82
701327,3541,2.85
701427,3497,2.82
701527,3497,2.82
701627,3504,2.82
701727,3505,2.82
701827,3505,2.82
701927,3506,2.83
702027,3513,2.83
702127,3504,2.82
702227,3490,2.81
702327,3509,2.83
702427,3518,2.84
702527,3495,2.82
702627,3507,2.83
702727,3502,2.82
702827,3509,2.83
702927,3519,2.84
703027,3526,2.84
703127,3498,2.82
703227,3506,2.83
703327,3504,2.82
703427,3506,2.83
703527,3504,2.82
703627,3514,2.83
703727,3501,2.82
703827,3503,2.82
703927,3506,2.83
704027,3514,2.83
704127,3478,2.8
704227,3501,2.82
704327,3503,2.82
704427,3513,2.83
704527,3515,2.83
704627,3504,2.82
704727,3518,2.84
704827,3519,2.84
704927,3511,2.83
705027,3499,2.82
705127,3506,2.83
705227,3509,2.83
705327,3504,2.82
705427,3504,2.82
705527,3504,2.82
705627,3511,2.83
705727,3504,2.82
705827,3523,2.84
705927,3536,2.85
706027,3497,2.82
706127,3511,2.83
706227,3497,2.82
706327,3503,2.82
706427,3508,2.83
706527,3501,2.82
706627,3550,2.86
706727,3487,2.81
706827,3505,2.82
706927,3513,2.83
707027,3501,2.82
707127,3506,2.83
707227,3519,2.84
707327,3509,2.83
707427,3507,2.83
707527,3509,2.83
707627,3491,2.81
707727,3506,2.83
707827,3510,2.83
707927,3517,2.83
708027,3504,2.82
708127,3515,2.83
708227,3505,2.82
708327,3511,2.83
708427,3499,2.82
708527,3500,2.82
708627,3498,2.82
708727,3511,2.83
708827,3511,2.83
708927,3495,2.82
709027,3511,2.83
709127,3501,2.82
709227,3500,2.82
709327,3504,2.82
709427,3495,2.82
709527,3504,2.82
709627,3506,2.83
709727,3511,2.83
709827,3499,2.82
709927,3502,2.82
710027,3504,2.82
710127,3506,2.83
710227,3502,2.82
710327,3497,2.82
710427,3514,2.83
710527,3500,2.82
710627,3504,2.82
710727,3504,2.82
710827,3504,2.82
710927,3517,2.83
711027,3513,2.83
711127,3520,2.84
711227,3507,2.83
711327,3521,2.84
711427,3503,2.82
711527,3507,2.83
711627,3511,2.83
711727,3507,2.83
711827,3510,2.83
711927,3519,2.84
712027,3513,2.83
712127,3503,2.82
712227,3517,2.83
712327,3516,2.83
712427,3515,2.83
712527,3521,2.84
712627,3507,2.83
712727,3502,2.82
712827,3510,2.83
712927,3503,2.82
713027,3494,2.82
713127,3502,2.82
713227,3507,2.83
713327,3502,2.82
713427,3505,2.82
713527,3508,2.83
713627,3506,2.83
713727,3495,2.82
713827,3504,2.82
713927,3525,2.84
714027,3510,2.83
714127,3499,2.82
714227,3508,2.83
714327,3507,2.83
714427,3504,2.82
714527,3504,2.82
714627,3504,2.82
714727,3505,2.82
714827,3512,2.83
714927,3495,2.82
715027,3505,2.82
715127,3504,2.82
715227,3508,2.83
715327,3514,2.83
715427,3515,2.83
715527,3504,2.82
715627,3504,2.82
715727,3488,2.81
715827,3503,2.82
715927,3504,2.82
716027,3503,2.82
716127,3504,2.82
716227,3507,2.83
716327,3509,2.83
716427,3506,2.83
716527,3483,2.81
716627,3503,2.82
716727,3504,2.82
716827,3517,2.83
716927,3511,2.83
717027,3504,2.82
717127,3509,2.83
717227,3505,2.82
717327,3516,2.83
717427,3522,2.84
717527,3511,2.83
717627,3499,2.82
717727,3504,2.82
717827,3505,2.82
717927,3508,2.83
718027,3513,2.83
718127,3511,2.83
718227,3520,2.84
718327,3506,2.83
718427,3504,2.82
718527,3504,2.82
718627,3515,2.83
718727,3497,2.82
718827,3511,2.83
718927,3499,2.82
719027,3525,2.84
719127,3510,2.83
719227,3507,2.83
719327,3505,2.82
719427,3505,2.82
719527,3503,2.82
719627,3516,2.83
719727,3514,2.83
719827,3514,2.83
719927,3518,2.84
720027,3515,2.83
720127,3516,2.83
720227,3504,2.82
720327,3504,2.82
720427,3510,2.83
720527,3504,2.82
720627,3509,2.83
720727,3495,2.82
720827,3505,2.82
720927,3504,2.82
721027,3513,2.83
721127,3511,2.83
721227,3504,2.82
721327,3507,2.83
721427,3509,2.83
721527,3510,2.83
721627,3491,2.81
721727,3501,2.82
721827,3504,2.82
721927,3505,2.82
722027,3509,2.83
722127,3509,2.83
722227,3520,2.84
722327,3507,2.83
722427,3506,2.83
722527,3501,2.82
722627,3520,2.84
722727,3504,2.82
722827,3520,2.84
722927,3499,2.82
723027,3513,2.83
723127,3503,2.82
723227,3517,2.83
723327,3504,2.82
723427,3507,2.83
723527,3505,2.82
723627,3514,2.83
723727,3511,2.83
723827,3519,2.84
723927,3503,2.82
724027,3505,2.82
724127,3516,2.83
724227,3515,2.83
724327,3509,2.83
724427,3535,2.85
724527,3515,2.83
724627,3505,2.82
724727,3519,2.84
724827,3497,2.82
724927,3524,2.84
725027,3505,2.82
725127,3504,2.82
725227,3493,2.81
725327,3504,2.82
725427,3506,2.83
725527,3526,2.84
725627,3505,2.82
725727,3506,2.83
725827,3517,2.83
725927,3507,2.83
726027,3506,2.83
726127,3515,2.83
726227,3515,2.83
726327,3520,2.84
726427,3509,2.83
726527,3507,2.83
726627,3518,2.84
726727,3515,2.83
726827,3506,2.83
726927,3498,2.82
727027,3486,2.81
727127,3501,2.82
727227,3509,2.83
727327,3506,2.83
727427,3505,2.82
727527,3504,2.82
727627,3521,2.84
727727,3502,2.82
727827,3511,2.83
727927,3547,2.86
728027,3503,2.82
728127,3499,2.82
728227,3519,2.84
728327,3507,2.83
728427,3504,2.82
728527,3504,2.82
728627,3519,2.84
728727,3487,2.81
728827,3505,2.82
728927,3508,2.83
729027,3511,2.83
729127,3504,2.82
729227,3508,2.83
729327,3510,2.83
729427,3505,2.82
729527,3510,2.83
729627,3504,2.82
729727,3525,2.84
729827,3502,2.82
729927,3501,2.82
730027,3504,2.82
730127,3504,2.82
730227,3505,2.82
730327,3515,2.83
730427,3497,2.82
730527,3505,2.82
730627,3502,2.82
730727,3495,2.82
730827,3509,2.83
730927,3510,2.83
731027,3503,2.82
731127,3504,2.82
731227,3514,2.83
731327,3506,2.83
731427,3506,2.83
731527,3499,2.82
731627,3515,2.83
731727,3499,2.82
731827,3505,2.82
731927,3511,2.83
732027,3531,2.85
732127,3504,2.82
732227,3509,2.83
732327,3506,2.83
732427,3518,2.84
732527,3504,2.82
732627,3501,2.82
732727,3513,2.83
732827,3497,2.82
732927,3504,2.82
733027,3512,2.83
733127,3504,2.82
733227,3503,2.82
733327,3510,2.83
733427,3501,2.82
733527,3504,2.82
733627,3510,2.83
733727,3514,2.83
733827,3504,2.82
733927,3517,2.83
734027,3506,2.83
734127,3507,2.83
734227,3504,2.82
734327,3508,2.83
734427,3502,2.82
734527,3499,2.82
734627,3509,2.83
734727,3500,2.82
734827,3518,2.84
734927,3511,2.83
735027,3518,2.84
735127,3516,2.83
735227,3507,2.83
735327,3506,2.83
735427,3507,2.83
735527,3503,2.82
735627,3504,2.82
735727,3510,2.83
735827,3504,2.82
735927,3512,2.83
736027,3498,2.82
736127,3511,2.83
736227,3507,2.83
736327,3504,2.82
736427,3518,2.84
736527,3488,2.81
736627,3504,2.82
736727,3511,2.83
736827,3510,2.83
736927,3504,2.82
737027,3503,2.82
737127,3513,2.83
737227,3512,2.83
737327,3551,2.86
737427,3556,2.87
737527,3510,2.83
737627,3514,2.83
737727,3503,2.82
737827,3504,2.82
737927,3515,2.83
738027,3504,2.82
738127,3549,2.86
738227,3525,2.84
738327,3509,2.83
738427,3504,2.82
738527,3509,2.83
738627,3504,2.82
738727,3501,2.82
738827,3501,2.82
738927,3517,2.83
739027,3498,2.82
739127,3504,2.82
739227,3513,2.83
739327,3510,2.83
739427,3510,2.83
739527,3506,2.83
739627,3507,2.83
739727,3503,2.82
739827,3494,2.82
739927,3487,2.81
740027,3505,2.82
740127,3509,2.83
740227,3523,2.84
740327,3509,2.83
740427,3499,2.82
740527,3504,2.82
740627,3517,2.83
740727,3503,2.82
740827,3507,2.83
740927,3511,2.83
741027,3508,2.83
741127,3505,2.82
741227,3506,2.83
741327,3515,2.83
741427,3505,2.82
741527,3504,2.82
741627,3507,2.83
741727,3507,2.83
741827,3522,2.84
741927,3504,2.82
742027,3503,2.82
742127,3504,2.82
742227,3505,2.82
742327,3506,2.83
742427,3504,2.82
742527,3501,2.82
742627,3494,2.82
742727,3491,2.81
742827,3504,2.82
742927,3504,2.82
743027,3520,2.84
743127,3506,2.83
743227,3515,2.83
743327,3503,2.82
743427,3511,2.83
743527,3489,2.81
743627,3504,2.82
743727,3504,2.82
743827,3504,2.82
743927,3511,2.83
744027,3525,2.84
744127,3502,2.82
744227,3507,2.83
744327,3501,2.82
744427,3495,2.82
744527,3517,2.83
744627,3552,2.86
744727,3507,2.83
744827,3511,2.83
744927,3501,2.82
745027,3511,2.83
745127,3501,2.82
745227,3502,2.82
745327,3514,2.83
745427,3511,2.83
745527,3513,2.83
745627,3497,2.82
745727,3510,2.83
745827,3514,2.83
745927,3509,2.83
746027,3517,2.83
746127,3504,2.82
746227,3494,2.82
746327,3530,2.84
746427,3504,2.82
746527,3504,2.82
746627,3502,2.82
746727,3504,2.82
746827,3514,2.83
746927,3513,2.83
747027,3511,2.83
747127,3511,2.83
747227,3518,2.84
747327,3504,2.82
747427,3511,2.83
747527,3507,2.83
747627,3525,2.84
747727,3507,2.83
747827,3511,2.83
747927,3517,2.83
748027,3493,2.81
748127,3503,2.82
748227,3504,2.82
748327,3504,2.82
748427,3513,2.83
748527,3507,2.83
748627,3503,2.82
748727,3509,2.83
748827,3519,2.84
748927,3525,2.84
749027,3504,2.82
749127,3502,2.82
749227,3491,2.81
749327,3505,2.82
749427,3489,2.81
749527,3503,2.82
749627,3515,2.83
749727,3505,2.82
749827,3525,2.84
749927,3513,2.83
750027,3505,2.82
750127,3526,2.84
750227,3507,2.83
750327,3503,2.82
750427,3505,2.82
750527,3514,2.83
750627,3501,2.82
750727,3495,2.82
750827,3504,2.82
750927,3511,2.83
751027,3504,2.82
751127,3505,2.82
751227,3513,2.83
751327,3510,2.83
751427,3425,2.76
751527,3494,2.82
751627,3514,2.83
751727,3505,2.82
751827,3507,2.83
751927,3498,2.82
752027,3507,2.83
752127,3501,2.82
752227,3510,2.83
752327,3510,2.83
752427,3513,2.83
752527,3511,2.83
752627,3507,2.83
752727,3505,2.82
752827,3491,2.81
752927,3513,2.83
753027,3503,2.82
753127,3495,2.82
753227,3509,2.83
753327,3504,2.82
753427,3503,2.82
753527,3501,2.82
753627,3499,2.82
753727,3509,2.83
753827,3511,2.83
753927,3530,2.84
754027,3493,2.81
754127,3507,2.83
754227,3515,2.83
754327,3507,2.83
754427,3504,2.82
754527,3499,2.82
754627,3510,2.83
754727,3553,2.86
754827,3514,2.83
754927,3508,2.83
755027,3519,2.84
755127,3511,2.83
755227,3511,2.83
755327,3521,2.84
755427,3502,2.82
755527,3503,2.82
755627,3490,2.81
755727,3495,2.82
755827,3501,2.82
755927,3499,2.82
756027,3509,2.83
756127,3509,2.83
756227,3517,2.83
756327,3511,2.83
756427,3510,2.83
756527,3505,2.82
756627,3505,2.82
756727,3507,2.83
756827,3489,2.81
756927,3514,2.83
757027,3506,2.83
757127,3506,2.83
757227,3510,2.83
757327,3513,2.83
757427,3506,2.83
757527,3504,2.82
757627,3490,2.81
757727,3510,2.83
757827,3504,2.82
757927,3517,2.83
758027,3491,2.81
758127,3504,2.82
758227,3504,2.82
758327,3498,2.82
758427,3499,2.82
758527,3499,2.82
758627,3507,2.83
758727,3515,2.83
758827,3505,2.82
758927,3505,2.82
759027,3519,2.84
759127,3504,2.82
759227,3505,2.82
759327,3504,2.82
759427,3536,2.85
759527,3510,2.83
759627,3513,2.83
759727,3504,2.82
759827,3521,2.84
759927,3504,2.82
760027,3502,2.82
760127,3535,2.85
760227,3510,2.83
760327,3517,2.83
760427,3504,2.82
760527,3506,2.83
760627,3504,2.82
760727,3514,2.83
760827,3501,2.82
760927,3498,2.82
761027,3514,2.83
761127,3514,2.83
761227,3513,2.83
761327,3515,2.83
761427,3522,2.84
761527,3520,2.84
761627,3504,2.82
761727,3498,2.82
761827,3504,2.82
761927,3507,2.83
762027,3515,2.83
762127,3507,2.83
762227,3505,2.82
762327,3501,2.82
762427,3509,2.83
762527,3511,2.83
762627,3507,2.83
762727,3504,2.82
762827,3510,2.83
762927,3509,2.83
763027,3506,2.83
763127,3520,2.84
763227,3503,2.82
763327,3504,2.82
763427,3505,2.82
763527,3519,2.84
763627,3500,2.82
763727,3507,2.83
763827,3519,2.84
763927,3514,2.83
764027,3507,2.83
764127,3505,2.82
764227,3495,2.82
764327,3520,2.84
764427,3513,2.83
764527,3504,2.82
764627,3514,2.83
764727,3511,2.83
764827,3513,2.83
764927,3504,2.82
765027,3504,2.82
765127,3504,2.82
765227,3505,2.82
765327,3493,2.81
765427,3502,2.82
765527,3519,2.84
765627,3505,2.82
765727,3517,2.83
765827,3500,2.82
765927,3513,2.83
766027,3534,2.85
766127,3526,2.84
766227,3510,2.83
766327,3508,2.83
766427,3520,2.84
766527,3509,2.83
766627,3504,2.82
766727,3515,2.83
766827,3515,2.83
766927,3472,2.8
767027,3510,2.83
767127,3500,2.82
767227,3515,2.83
767327,3504,2.82
767427,3511,2.83
767527,3531,2.85
767627,3506,2.83
767727,3507,2.83
767827,3495,2.82
767927,3521,2.84
768027,3520,2.84
768127,3504,2.82
768227,3504,2.82
768327,3509,2.83
768427,3519,2.84
768527,3504,2.82
768627,3519,2.84
768727,3515,2.83
768827,3520,2.84
768927,3517,2.83
769027,3517,2.83
769127,3506,2.83
769227,3520,2.84
769327,3518,2.84
769427,3493,2.81
769527,3521,2.84
769627,3511,2.83
769727,3494,2.82
769827,3494,2.82
769927,3507,2.83
770027,3515,2.83
770127,3504,2.82
770227,3498,2.82
770327,3503,2.82
770427,3502,2.82
770527,3473,2.8
770627,3499,2.82
770727,3521,2.84
770827,3517,2.83
770927,3518,2.84
771027,3506,2.83
771127,3498,2.82
771227,3504,2.82
771327,3520,2.84
771427,3528,2.84
771527,3507,2.83
771627,3507,2.83
771727,3504,2.82
771827,3498,2.82
771927,3503,2.82
772027,3504,2.82
772127,3519,2.84
772227,3556,2.87
772327,3498,2.82
772427,3513,2.83
772527,3527,2.84
772627,3520,2.84
772727,3495,2.82
772827,3511,2.83
772927,3504,2.82
773027,3520,2.84
773127,3523,2.84
773227,3521,2.84
773327,3504,2.82
773427,3507,2.83
773527,3517,2.83
773627,3509,2.83
773727,3513,2.83
773827,3511,2.83
773927,3509,2.83
774027,3493,2.81
774127,3495,2.82
774227,3495,2.82
774327,3507,2.83
774427,3512,2.83
774527,3501,2.82
774627,3511,2.83
774727,3511,2.83
774827,3506,2.83
774927,3504,2.82
775027,3483,2.81
775127,3505,2.82
775227,3513,2.83
775327,3505,2.82
775427,3504,2.82
775527,3505,2.82
775627,3504,2.82
775727,3504,2.82
775827,3527,2.84
775927,3532,2.85
776027,3505,2.82
776127,3505,2.82
776227,3517,2.83
776327,3499,2.82
776427,3511,2.83
776527,3511,2.83
776627,3514,2.83
776727,3513,2.83
776827,3507,2.83
776927,3504,2.82
777027,3484,2.81
777127,3515,2.83
777227,3507,2.83
777327,3504,2.82
777427,3510,2.83
777527,3504,2.82
777627,3504,2.82
777727,3514,2.83
777827,3511,2.83
777927,3490,2.81
778027,3517,2.83
778127,3499,2.82
778227,3509,2.83
778327,3510,2.83
778427,3504,2.82
778527,3510,2.83
778627,3515,2.83
778727,3513,2.83
778827,3503,2.82
778927,3504,2.82
779027,3512,2.83
779127,3511,2.83
779227,3499,2.82
779327,3499,2.82
779427,3507,2.83
779527,3510,2.83
779627,3514,2.83
779727,3515,2.83
779827,3505,2.82
779927,3507,2.83
780027,3519,2.84
780127,3520,2.84
780227,3504,2.82
780327,3495,2.82
780427,3515,2.83
780527,3506,2.83
780627,3514,2.83
780727,3520,2.84
780827,3506,2.83
780927,3515,2.83
781027,3522,2.84
781127,3511,2.83
781227,3519,2.84
781327,3501,2.82
781427,3501,2.82
781527,3514,2.83
781627,3520,2.84
781727,3513,2.83
781827,3520,2.84
781927,3507,2.83
782027,3521,2.84
782127,3491,2.81
782227,3506,2.83
782327,3515,2.83
782427,3504,2.82
782527,3506,2.83
782627,3507,2.83
782727,3517,2.83
782827,3504,2.82
782927,3504,2.82
783027,3491,2.81
783127,3502,2.82
783227,3508,2.83
783327,3518,2.84
783427,3497,2.82
783527,3513,2.83
783627,3519,2.84
783727,3542,2.85
783827,3482,2.81
783927,3509,2.83
784027,3509,2.83
784127,3517,2.83
784227,3506,2.83
784327,3509,2.83
784427,3506,2.83
784527,3504,2.82
784627,3503,2.82
784727,3504,2.82
784827,3507,2.83
784927,3507,2.83
785027,3506,2.83
785127,3504,2.82
785227,3504,2.82
785327,3509,2.83
785427,3488,2.81
785527,3507,2.83
785627,3501,2.82
785727,3517,2.83
785827,3515,2.83
785927,3497,2.82
786027,3504,2.82
786127,3498,2.82
786227,3504,2.82
786327,3488,2.81
786427,3504,2.82
786527,3511,2.83
786627,3517,2.83
786727,3515,2.83
786827,3504,2.82
786927,3513,2.83
787027,3504,2.82
787127,3525,2.84
787227,3526,2.84
787327,3498,2.82
787427,3504,2.82
787527,3513,2.83
787627,3510,2.83
787727,3507,2.83
787827,3520,2.84
787927,3582,2.89
788027,3498,2.82
788127,3504,2.82
788227,3519,2.84
788327,3512,2.83
788427,3502,2.82
788527,3502,2.82
788627,3504,2.82
788727,3507,2.83
788827,3513,2.83
788927,3503,2.82
789027,3519,2.84
789127,3471,2.8
789227,3500,2.82
789327,3511,2.83
789427,3504,2.82
789527,3505,2.82
789627,3504,2.82
789727,3504,2.82
789827,3507,2.83
789927,3518,2.84
790027,3519,2.84
790127,3504,2.82
790227,3510,2.83
790327,3507,2.83
790427,3507,2.83
790527,3527,2.84
790627,3504,2.82
790727,3504,2.82
790827,3493,2.81
790927,3516,2.83
791027,3521,2.84
791127,3495,2.82
791227,3504,2.82
791327,3506,2.83
791427,3514,2.83
791527,3504,2.82
791627,3518,2.84
791727,3532,2.85
791827,3501,2.82
791927,3514,2.83
792027,3515,2.83
792127,3521,2.84
792227,3513,2.83
792327,3507,2.83
792427,3500,2.82
792527,3509,2.83
792627,3491,2.81
792727,3517,2.83
792827,3507,2.83
792927,3506,2.83
793027,3507,2.83
793127,3513,2.83
793227,3506,2.83
793327,3473,2.8
793427,3516,2.83
793527,3510,2.83
793627,3503,2.82
793727,3510,2.83
793827,3519,2.84
793927,3511,2.83
794027,3515,2.83
794127,3507,2.83
794227,3522,2.84
794327,3500,2.82
794427,3511,2.83
794527,3504,2.82
794627,3502,2.82
794727,3505,2.82
794827,3504,2.82
794927,3506,2.83
795027,3522,2.84
795127,3515,2.83
795227,3509,2.83
795327,3499,2.82
795427,3502,2.82
795527,3509,2.83
795627,3511,2.83
795727,3506,2.83
795827,3504,2.82
795927,3508,2.83
796027,3503,2.82
796127,3509,2.83
796227,3515,2.83
796327,3515,2.83
796427,3518,2.84
796527,3504,2.82
796627,3507,2.83
796727,3509,2.83
796827,3466,2.79
796927,3517,2.83
797027,3519,2.84
797127,3507,2.83
797227,3504,2.82
797327,3511,2.83
797427,3502,2.82
797527,3523,2.84
797627,3510,2.83
797727,3509,2.83
797827,3507,2.83
797927,3505,2.82
798027,3509,2.83
798127,3501,2.82
798227,3509,2.83
798327,3495,2.82
798427,3521,2.84
798527,3494,2.82
798627,3497,2.82
798727,3497,2.82
798827,3509,2.83
798927,3509,2.83
799027,3509,2.83
799127,3521,2.84
799227,3536,2.85
799327,3520,2.84
799427,3515,2.83
799527,3505,2.82
799627,3503,2.82
799727,3501,2.82
799827,3514,2.83
799927,3498,2.82
800027,3514,2.83
800127,3511,2.83
800227,3499,2.82
800327,3511,2.83
800427,3506,2.83
800527,3514,2.83
800627,3501,2.82
800727,3504,2.82
800827,3503,2.82
800927,3504,2.82
801027,3518,2.84
801127,3514,2.83
801227,3475,2.8
801327,3503,2.82
801427,3494,2.82
801527,3505,2.82
801627,3517,2.83
801727,3504,2.82
801827,3504,2.82
801927,3513,2.83
802027,3504,2.82
802127,3518,2.84
802227,3505,2.82
802327,3498,2.82
802427,3505,2.82
802527,3504,2.82
802627,3511,2.83
802727,3514,2.83
802827,3517,2.83
802927,3527,2.84
803027,3504,2.82
803127,3519,2.84
803227,3511,2.83
803327,3507,2.83
803427,3513,2.83
803527,3504,2.82
803627,3517,2.83
803727,3508,2.83
803827,3538,2.85
803927,3518,2.84
804027,3504,2.82
804127,3505,2.82
804227,3504,2.82
804327,3511,2.83
804427,3504,2.82
804527,3460,2.79
804627,3474,2.8
804727,3504,2.82
804827,3491,2.81
804927,3518,2.84
805027,3509,2.83
805127,3498,2.82
805227,3502,2.82
805327,3522,2.84
805427,3502,2.82
805527,3511,2.83
805627,3511,2.83
805727,3511,2.83
805827,3507,2.83
805927,3504,2.82
806027,3517,2.83
806127,3520,2.84
806227,3511,2.83
806327,3513,2.83
806427,3498,2.82
806527,3520,2.84
806627,3509,2.83
806727,3515,2.83
806827,3504,2.82
806927,3504,2.82
807027,3517,2.83
807127,3510,2.83
807227,3511,2.83
807327,3509,2.83
807427,3517,2.83
807527,3504,2.82
807627,3506,2.83
807727,3505,2.82
807827,3518,2.84
807927,3505,2.82
808027,3509,2.83
808127,3505,2.82
808227,3510,2.83
808327,3506,2.83
808427,3509,2.83
808527,3501,2.82
808627,3503,2.82
808727,3495,2.82
808827,3504,2.82
808927,3510,2.83
809027,3518,2.84
809127,3504,2.82
809227,3514,2.83
809327,3499,2.82
809427,3478,2.8
809527,3509,2.83
809627,3507,2.83
809727,3504,2.82
809827,3498,2.82
809927,3510,2.83
810027,3514,2.83
810127,3498,2.82
810227,3522,2.84
810327,3486,2.81
810427,3502,2.82
810527,3510,2.83
810627,3532,2.85
810727,3519,2.84
810827,3504,2.82
810927,3507,2.83
811027,3511,2.83
811127,3498,2.82
811227,3510,2.83
811327,3505,2.82
811427,3508,2.83
811527,3504,2.82
811627,3514,2.83
811727,3513,2.83
811827,3499,2.82
811927,3519,2.84
812027,3527,2.84
812127,3504,2.82
812227,3523,2.84
812327,3502,2.82
812427,3525,2.84
812527,3502,2.82
812627,3515,2.83
812727,3487,2.81
812827,3495,2.82
812927,3499,2.82
813027,3502,2.82
813127,3518,2.84
813227,3515,2.83
813327,3514,2.83
813427,3506,2.83
813527,3520,2.84
813627,3485,2.81
813727,3508,2.83
813827,3504,2.82
813927,3511,2.83
814027,3504,2.82
814127,3509,2.83
814227,3511,2.83
814327,3510,2.83
814427,3530,2.84
814527,3489,2.81
814627,3499,2.82
814727,3503,2.82
814827,3493,2.81
814927,3509,2.83
815027,3502,2.82
815127,3499,2.82
815227,3510,2.83
815327,3501,2.82
815427,3511,2.83
815527,3501,2.82
815627,3509,2.83
815727,3507,2.83
815827,3493,2.81
815927,3507,2.83
816027,3499,2.82
816127,3537,2.85
816227,3489,2.81
816327,3504,2.82
816427,3517,2.83
816527,3509,2.83
816627,3505,2.82
816727,3505,2.82
816827,3507,2.83
816927,3506,2.83
817027,3485,2.81
817127,3506,2.83
817227,3498,2.82
817327,3519,2.84
817427,3511,2.83
817527,3503,2.82
817627,3504,2.82
817727,3503,2.82
817827,3509,2.83
817927,3506,2.83
818027,3501,2.82
818127,3509,2.83
818227,3510,2.83
818327,3511,2.83
818427,3505,2.82
818527,3518,2.84
818627,3494,2.82
818727,3519,2.84
818827,3517,2.83
818927,3498,2.82
819027,3504,2.82
819127,3510,2.83
819227,3510,2.83
819327,3508,2.83
819427,3520,2.84
819527,3536,2.85
819627,3510,2.83
819727,3507,2.83
819827,3519,2.84
819927,3503,2.82
820027,3508,2.83
820127,3510,2.83
820227,3504,2.82
820327,3509,2.83
820427,3525,2.84
